"U:0","U:1","U:2","p","Points:0","Points:1","Points:2"
6.6583e-05,-6.6179e-05,0,2.2369e-06,0.0125,0.0125,0.05
0.00016647,-5.6909e-05,0,-0.00013631,0.0375,0.0125,0.05
0.00015049,-6.1787e-06,0,-0.00045277,0.0625,0.0125,0.05
-3.7917e-05,4.9043e-05,0,-0.00086126,0.0875,0.0125,0.05
-0.00039315,9.802e-05,0,-0.0012849,0.1125,0.0125,0.05
-0.00088816,0.00013631,0,-0.0016797,0.1375,0.0125,0.05
-0.0014937,0.00016402,0,-0.0020137,0.1625,0.0125,0.05
-0.0021806,0.00018282,0,-0.0022666,0.1875,0.0125,0.05
-0.0029224,0.00019449,0,-0.0024267,0.2125,0.0125,0.05
-0.0036965,0.00020048,0,-0.0024876,0.2375,0.0125,0.05
-0.004483,0.00020186,0,-0.0024458,0.2625,0.0125,0.05
-0.0052646,0.00019927,0,-0.0022997,0.2875,0.0125,0.05
-0.0060255,0.00019308,0,-0.0020487,0.3125,0.0125,0.05
-0.0067509,0.00018335,0,-0.0016932,0.3375,0.0125,0.05
-0.0074261,0.00017004,0,-0.0012344,0.3625,0.0125,0.05
-0.0080366,0.00015298,0,-0.00067514,0.3875,0.0125,0.05
-0.008568,0.000132,0,-2.0215e-05,0.4125,0.0125,0.05
-0.0090056,0.00010697,0,0.00072311,0.4375,0.0125,0.05
-0.0093355,7.7851e-05,0,0.0015445,0.4625,0.0125,0.05
-0.0095441,4.4731e-05,0,0.0024301,0.4875,0.0125,0.05
-0.0096194,8.0278e-06,0,0.003362,0.5125,0.0125,0.05
-0.0095529,-3.139e-05,0,0.0043165,0.5375,0.0125,0.05
-0.009338,-7.2237e-05,0,0.0052664,0.5625,0.0125,0.05
-0.0089733,-0.00011328,0,0.006184,0.5875,0.0125,0.05
-0.0084626,-0.00015298,0,0.0070402,0.6125,0.0125,0.05
-0.0078153,-0.00018948,0,0.0078054,0.6375,0.0125,0.05
-0.0070473,-0.00022073,0,0.0084517,0.6625,0.0125,0.05
-0.0061812,-0.00024469,0,0.0089546,0.6875,0.0125,0.05
-0.0052459,-0.00025949,0,0.0092952,0.7125,0.0125,0.05
-0.0042759,-0.00026356,0,0.0094619,0.7375,0.0125,0.05
-0.0033095,-0.00025584,0,0.0094525,0.7625,0.0125,0.05
-0.0023875,-0.00023593,0,0.0092752,0.7875,0.0125,0.05
-0.00155,-0.00020411,0,0.0089488,0.8125,0.0125,0.05
-0.00083454,-0.00016141,0,0.0085038,0.8375,0.0125,0.05
-0.00027185,-0.00010989,0,0.0079807,0.8625,0.0125,0.05
0.00011363,-5.348e-05,0,0.0074247,0.8875,0.0125,0.05
0.00031154,4.784e-06,0,0.0069002,0.9125,0.0125,0.05
0.00033009,5.6133e-05,0,0.0064647,0.9375,0.0125,0.05
0.00020814,8.4873e-05,0,0.006189,0.9625,0.0125,0.05
5.9971e-05,6.0167e-05,0,0.0061355,0.9875,0.0125,0.05
5.9852e-05,-0.00016826,0,0.00013975,0.0125,0.0375,0.05
4.6575e-05,-4.3215e-05,0,-1.1113e-06,0.0375,0.0375,0.05
-0.00028222,0.00023562,0,-0.00024586,0.0625,0.0375,0.05
-0.00098685,0.0005414,0,-0.00055082,0.0875,0.0375,0.05
-0.002062,0.00082254,0,-0.00087059,0.1125,0.0375,0.05
-0.0034633,0.0010556,0,-0.0011708,0.1375,0.0375,0.05
-0.0051304,0.0012349,0,-0.0014265,0.1625,0.0375,0.05
-0.0069986,0.001363,0,-0.0016206,0.1875,0.0375,0.05
-0.0090054,0.0014454,0,-0.0017417,0.2125,0.0375,0.05
-0.011093,0.0014877,0,-0.0017823,0.2375,0.0375,0.05
-0.01321,0.0014946,0,-0.0017378,0.2625,0.0375,0.05
-0.015308,0.0014696,0,-0.0016053,0.2875,0.0375,0.05
-0.017344,0.001415,0,-0.0013831,0.3125,0.0375,0.05
-0.019274,0.0013321,0,-0.0010706,0.3375,0.0375,0.05
-0.02106,0.0012213,0,-0.00066876,0.3625,0.0375,0.05
-0.022662,0.0010827,0,-0.00017962,0.3875,0.0375,0.05
-0.024042,0.00091672,0,0.00039267,0.4125,0.0375,0.05
-0.025163,0.00072386,0,0.0010416,0.4375,0.0375,0.05
-0.025991,0.00050542,0,0.0017582,0.4625,0.0375,0.05
-0.026494,0.00026369,0,0.0025302,0.4875,0.0375,0.05
-0.026645,2.5043e-06,0,0.0033418,0.5125,0.0375,0.05
-0.026428,-0.00027231,0,0.004172,0.5375,0.0375,0.05
-0.025827,-0.00055337,0,0.0049959,0.5625,0.0375,0.05
-0.024844,-0.00083204,0,0.0057901,0.5875,0.0375,0.05
-0.023491,-0.0010981,0,0.0065298,0.6125,0.0375,0.05
-0.021793,-0.0013399,0,0.0071904,0.6375,0.0375,0.05
-0.019793,-0.0015453,0,0.0077487,0.6625,0.0375,0.05
-0.017547,-0.0017023,0,0.0081847,0.6875,0.0375,0.05
-0.015127,-0.0018,0,0.0084836,0.7125,0.0375,0.05
-0.012617,-0.0018297,0,0.0086371,0.7375,0.0375,0.05
-0.010109,-0.0017858,0,0.0086449,0.7625,0.0375,0.05
-0.0076999,-0.0016666,0,0.0085152,0.7875,0.0375,0.05
-0.0054868,-0.0014753,0,0.0082653,0.8125,0.0375,0.05
-0.0035574,-0.0012198,0,0.0079211,0.8375,0.0375,0.05
-0.0019851,-0.00091439,0,0.0075161,0.8625,0.0375,0.05
-0.00082129,-0.0005805,0,0.0070899,0.8875,0.0375,0.05
-8.5678e-05,-0.00024517,0,0.006687,0.9125,0.0375,0.05
0.0002418,4.7927e-05,0,0.0063502,0.9375,0.0375,0.05
0.00023906,0.00023458,0,0.0061302,0.9625,0.0375,0.05
8.4805e-05,0.0002072,0,0.0060803,0.9875,0.0375,0.05
1.0054e-05,-0.00015688,0,0.00046234,0.0125,0.0625,0.05
-0.0002397,0.00028573,0,0.00023902,0.0375,0.0625,0.05
-0.0010253,0.0010026,0,-1.0748e-05,0.0625,0.0625,0.05
-0.0023429,0.0017719,0,-0.00028993,0.0875,0.0625,0.05
-0.0041719,0.0024843,0,-0.00057297,0.1125,0.0625,0.05
-0.0064539,0.0030859,0,-0.00083346,0.1375,0.0625,0.05
-0.0091068,0.0035578,0,-0.001053,0.1625,0.0625,0.05
-0.012042,0.0039,0,-0.0012184,0.1875,0.0625,0.05
-0.01517,0.0041208,0,-0.0013206,0.2125,0.0625,0.05
-0.018409,0.0042312,0,-0.0013529,0.2375,0.0625,0.05
-0.02168,0.0042416,0,-0.0013108,0.2625,0.0625,0.05
-0.024911,0.0041602,0,-0.0011911,0.2875,0.0625,0.05
-0.028034,0.003993,0,-0.00099167,0.3125,0.0625,0.05
-0.030985,0.0037439,0,-0.00071128,0.3375,0.0625,0.05
-0.033703,0.0034152,0,-0.00034991,0.3625,0.0625,0.05
-0.036127,0.0030089,0,9.1045e-05,0.3875,0.0625,0.05
-0.038202,0.002527,0,0.0006084,0.4125,0.0625,0.05
-0.039874,0.001973,0,0.0011968,0.4375,0.0625,0.05
-0.041093,0.0013521,0,0.0018482,0.4625,0.0625,0.05
-0.041816,0.00067223,0,0.0025523,0.4875,0.0625,0.05
-0.042006,-5.5251e-05,0,0.0032948,0.5125,0.0625,0.05
-0.041641,-0.00081474,0,0.0040551,0.5375,0.0625,0.05
-0.040703,-0.0015869,0,0.0048102,0.5625,0.0625,0.05
-0.039196,-0.0023481,0,0.0055388,0.5875,0.0625,0.05
-0.03714,-0.0030712,0,0.0062181,0.6125,0.0625,0.05
-0.034575,-0.0037263,0,0.0068253,0.6375,0.0625,0.05
-0.031562,-0.004282,0,0.0073391,0.6625,0.0625,0.05
-0.028184,-0.0047078,0,0.0077413,0.6875,0.0625,0.05
-0.024542,-0.0049764,0,0.0080186,0.7125,0.0625,0.05
-0.020756,-0.0050659,0,0.0081635,0.7375,0.0625,0.05
-0.016957,-0.0049623,0,0.0081762,0.7625,0.0625,0.05
-0.013284,-0.0046622,0,0.0080647,0.7875,0.0625,0.05
-0.0098736,-0.0041743,0,0.0078449,0.8125,0.0625,0.05
-0.0068511,-0.003521,0,0.0075404,0.8375,0.0625,0.05
-0.0043219,-0.0027399,0,0.0071809,0.8625,0.0625,0.05
-0.0023603,-0.0018852,0,0.0068008,0.8875,0.0625,0.05
-0.00099768,-0.0010303,0,0.0064373,0.9125,0.0625,0.05
-0.00021198,-0.00027556,0,0.0061272,0.9375,0.0625,0.05
8.4252e-05,0.00024491,0,0.0059061,0.9625,0.0625,0.05
6.2718e-05,0.00033499,0,0.0058104,0.9875,0.0625,0.05
-4.895e-05,3.5793e-05,0,0.00089006,0.0125,0.0875,0.05
-0.0005804,0.0010196,0,0.00054307,0.0375,0.0875,0.05
-0.0018932,0.0023392,0,0.00025343,0.0625,0.0875,0.05
-0.0038798,0.003705,0,-3.2772e-05,0.0875,0.0875,0.05
-0.0064877,0.0049601,0,-0.00030754,0.1125,0.0875,0.05
-0.0096388,0.0060222,0,-0.00055151,0.1375,0.0875,0.05
-0.013231,0.0068586,0,-0.00075267,0.1625,0.0875,0.05
-0.017155,0.0074657,0,-0.00090282,0.1875,0.0875,0.05
-0.021303,0.0078541,0,-0.00099566,0.2125,0.0875,0.05
-0.025573,0.0080398,0,-0.0010264,0.2375,0.0875,0.05
-0.029865,0.0080391,0,-0.00099113,0.2625,0.0875,0.05
-0.034089,0.0078656,0,-0.00088685,0.2875,0.0875,0.05
-0.038158,0.0075298,0,-0.00071102,0.3125,0.0875,0.05
-0.041989,0.007039,0,-0.0004618,0.3375,0.0875,0.05
-0.045504,0.0063989,0,-0.00013827,0.3625,0.0875,0.05
-0.048628,0.0056144,0,0.00025924,0.3875,0.0875,0.05
-0.05129,0.0046911,0,0.00072874,0.4125,0.0875,0.05
-0.053422,0.0036371,0,0.0012661,0.4375,0.0875,0.05
-0.054966,0.0024639,0,0.0018649,0.4625,0.0875,0.05
-0.055868,0.0011875,0,0.0025161,0.4875,0.0875,0.05
-0.056087,-0.0001703,0,0.003207,0.5125,0.0875,0.05
-0.055594,-0.0015814,0,0.0039174,0.5375,0.0875,0.05
-0.054373,-0.0030105,0,0.0046254,0.5625,0.0875,0.05
-0.052429,-0.0044153,0,0.0053109,0.5875,0.0875,0.05
-0.049788,-0.0057472,0,0.0059521,0.6125,0.0875,0.05
-0.0465,-0.0069531,0,0.006527,0.6375,0.0875,0.05
-0.04264,-0.0079782,0,0.0070148,0.6625,0.0875,0.05
-0.038309,-0.008769,0,0.0073978,0.6875,0.0875,0.05
-0.033629,-0.0092773,0,0.0076627,0.7125,0.0875,0.05
-0.028747,-0.0094646,0,0.0078022,0.7375,0.0875,0.05
-0.023822,-0.0093064,0,0.0078158,0.7625,0.0875,0.05
-0.019024,-0.0087962,0,0.0077109,0.7875,0.0875,0.05
-0.014521,-0.0079493,0,0.0075024,0.8125,0.0875,0.05
-0.010471,-0.0068054,0,0.0072119,0.8375,0.0875,0.05
-0.007005,-0.0054309,0,0.0068666,0.8625,0.0875,0.05
-0.004222,-0.0039203,0,0.006497,0.8875,0.0875,0.05
-0.0021708,-0.0023998,0,0.0061355,0.9125,0.0875,0.05
-0.00083921,-0.0010325,0,0.005815,0.9375,0.0875,0.05
-0.00014878,-2.4307e-05,0,0.0055621,0.9625,0.0875,0.05
2.4987e-05,0.0003495,0,0.0053815,0.9875,0.0875,0.05
-0.00010775,0.00042215,0,0.0013477,0.0125,0.1125,0.05
-0.00093209,0.0021953,0,0.00086324,0.0375,0.1125,0.05
-0.0027969,0.0042861,0,0.00051756,0.0625,0.1125,0.05
-0.0054741,0.0063678,0,0.00020703,0.0875,0.1125,0.05
-0.0088682,0.0082528,0,-7.5913e-05,0.1125,0.1125,0.05
-0.012875,0.0098394,0,-0.00031789,0.1375,0.1125,0.05
-0.017369,0.011085,0,-0.00051296,0.1625,0.1125,0.05
-0.022225,0.011984,0,-0.00065782,0.1875,0.1125,0.05
-0.027316,0.012551,0,-0.00074941,0.2125,0.1125,0.05
-0.032525,0.012805,0,-0.00078489,0.2375,0.1125,0.05
-0.037739,0.01277,0,-0.00076145,0.2625,0.1125,0.05
-0.04285,0.012465,0,-0.00067628,0.2875,0.1125,0.05
-0.047757,0.011904,0,-0.00052655,0.3125,0.1125,0.05
-0.052365,0.011101,0,-0.00030972,0.3375,0.1125,0.05
-0.056582,0.010065,0,-2.3849e-05,0.3625,0.1125,0.05
-0.060319,0.0088041,0,0.00033197,0.3875,0.1125,0.05
-0.063496,0.00733,0,0.00075711,0.4125,0.1125,0.05
-0.066036,0.0056568,0,0.0012489,0.4375,0.1125,0.05
-0.06787,0.003804,0,0.0018025,0.4625,0.1125,0.05
-0.06894,0.0017979,0,0.0024103,0.4875,0.1125,0.05
-0.069198,-0.00032767,0,0.0030609,0.5125,0.1125,0.05
-0.068614,-0.0025295,0,0.0037349,0.5375,0.1125,0.05
-0.067169,-0.0047542,0,0.0044108,0.5625,0.1125,0.05
-0.06487,-0.0069377,0,0.0050691,0.5875,0.1125,0.05
-0.061747,-0.0090073,0,0.0056883,0.6125,0.1125,0.05
-0.057854,-0.010884,0,0.0062464,0.6375,0.1125,0.05
-0.053275,-0.012486,0,0.0067225,0.6625,0.1125,0.05
-0.048122,-0.013733,0,0.0070981,0.6875,0.1125,0.05
-0.042534,-0.014554,0,0.0073592,0.7125,0.1125,0.05
-0.036675,-0.014888,0,0.0074975,0.7375,0.1125,0.05
-0.030727,-0.0147,0,0.0075117,0.7625,0.1125,0.05
-0.024885,-0.013977,0,0.007408,0.7875,0.1125,0.05
-0.019345,-0.012741,0,0.0072,0.8125,0.1125,0.05
-0.014291,-0.011048,0,0.0069078,0.8375,0.1125,0.05
-0.0098867,-0.0089957,0,0.0065566,0.8625,0.1125,0.05
-0.0062555,-0.0067234,0,0.0061745,0.8875,0.1125,0.05
-0.0034708,-0.0044122,0,0.0057909,0.9125,0.1125,0.05
-0.00154,-0.0022895,0,0.0054367,0.9375,0.1125,0.05
-0.00040683,-0.00062906,0,0.0051296,0.9625,0.1125,0.05
-1.4674e-05,0.00022645,0,0.004842,0.9875,0.1125,0.05
-0.00016233,0.000996,0,0.0017846,0.0125,0.1375,0.05
-0.0012739,0.0038166,0,0.0011576,0.0375,0.1375,0.05
-0.0036887,0.0068539,0,0.00074656,0.0625,0.1375,0.05
-0.007054,0.0097691,0,0.00040005,0.0875,0.1375,0.05
-0.011225,0.012362,0,9.6589e-05,0.1125,0.1375,0.05
-0.016066,0.014523,0,-0.00015531,0.1375,0.1375,0.05
-0.021429,0.016207,0,-0.00035521,0.1625,0.1375,0.05
-0.027167,0.017411,0,-0.00050438,0.1875,0.1375,0.05
-0.033141,0.018153,0,-0.00060295,0.2125,0.1375,0.05
-0.039219,0.01846,0,-0.00065002,0.2375,0.1375,0.05
-0.045277,0.018361,0,-0.00064385,0.2625,0.1375,0.05
-0.051196,0.017882,0,-0.00058189,0.2875,0.1375,0.05
-0.056865,0.017043,0,-0.00046102,0.3125,0.1375,0.05
-0.062177,0.015862,0,-0.00027789,0.3375,0.1375,0.05
-0.06703,0.014352,0,-2.9459e-05,0.3625,0.1375,0.05
-0.071327,0.012528,0,0.00028656,0.3875,0.1375,0.05
-0.074979,0.010408,0,0.00067104,0.4125,0.1375,0.05
-0.077901,0.0080115,0,0.0011229,0.4375,0.1375,0.05
-0.080019,0.0053689,0,0.0016388,0.4625,0.1375,0.05
-0.081268,0.0025176,0,0.0022128,0.4875,0.1375,0.05
-0.081595,-0.00049481,0,0.0028349,0.5125,0.1375,0.05
-0.080969,-0.0036089,0,0.0034863,0.5375,0.1375,0.05
-0.079368,-0.0067513,0,0.0041454,0.5625,0.1375,0.05
-0.076796,-0.0098352,0,0.0047927,0.5875,0.1375,0.05
-0.073282,-0.012762,0,0.0054068,0.6125,0.1375,0.05
-0.068884,-0.015423,0,0.0059647,0.6375,0.1375,0.05
-0.063688,-0.017709,0,0.0064444,0.6625,0.1375,0.05
-0.057813,-0.019509,0,0.0068261,0.6875,0.1375,0.05
-0.051407,-0.020723,0,0.0070941,0.7125,0.1375,0.05
-0.044647,-0.021271,0,0.0072383,0.7375,0.1375,0.05
-0.037735,-0.021096,0,0.0072557,0.7625,0.1375,0.05
-0.030888,-0.020178,0,0.0071508,0.7875,0.1375,0.05
-0.024326,-0.018542,0,0.0069359,0.8125,0.1375,0.05
-0.018266,-0.016262,0,0.0066298,0.8375,0.1375,0.05
-0.012901,-0.013465,0,0.0062564,0.8625,0.1375,0.05
-0.0083886,-0.010335,0,0.0058425,0.8875,0.1375,0.05
-0.004832,-0.00711,0,0.0054163,0.9125,0.1375,0.05
-0.0022667,-0.0040818,0,0.0050087,0.9375,0.1375,0.05
-0.00066673,-0.0015901,0,0.0046312,0.9625,0.1375,0.05
-5.1083e-05,-3.5924e-05,0,0.0042233,0.9875,0.1375,0.05
-0.00021215,0.0017483,0,0.0021562,0.0125,0.1625,0.05
-0.0015978,0.0058714,0,0.0013884,0.0375,0.1625,0.05
-0.0045451,0.01003,0,0.00090843,0.0625,0.1625,0.05
-0.0085789,0.013894,0,0.00051928,0.0875,0.1625,0.05
-0.013503,0.017267,0,0.00018717,0.1125,0.1625,0.05
-0.01915,0.020044,0,-8.3422e-05,0.1375,0.1625,0.05
-0.025344,0.022186,0,-0.00029691,0.1625,0.1625,0.05
-0.03192,0.023697,0,-0.00045874,0.1875,0.1625,0.05
-0.038724,0.024603,0,-0.00057187,0.2125,0.1625,0.05
-0.045615,0.024941,0,-0.00063722,0.2375,0.1625,0.05
-0.052458,0.024747,0,-0.00065397,0.2625,0.1625,0.05
-0.059127,0.024053,0,-0.00061975,0.2875,0.1625,0.05
-0.065502,0.022885,0,-0.00053101,0.3125,0.1625,0.05
-0.071468,0.021266,0,-0.00038356,0.3375,0.1625,0.05
-0.076917,0.019216,0,-0.00017309,0.3625,0.1625,0.05
-0.081745,0.016754,0,0.00010416,0.3875,0.1625,0.05
-0.085857,0.013905,0,0.00045071,0.4125,0.1625,0.05
-0.089161,0.010698,0,0.00086719,0.4375,0.1625,0.05
-0.091578,0.0071725,0,0.0013518,0.4625,0.1625,0.05
-0.093037,0.0033777,0,0.0019001,0.4875,0.1625,0.05
-0.093481,-0.00062413,0,0.0025041,0.5125,0.1625,0.05
-0.092874,-0.0047565,0,0.0031452,0.5375,0.1625,0.05
-0.091189,-0.008926,0,0.0038015,0.5625,0.1625,0.05
-0.088426,-0.013022,0,0.0044535,0.5875,0.1625,0.05
-0.084611,-0.016918,0,0.0050787,0.6125,0.1625,0.05
-0.079797,-0.020478,0,0.0056532,0.6375,0.1625,0.05
-0.074071,-0.023557,0,0.0061529,0.6625,0.1625,0.05
-0.067551,-0.026015,0,0.0065557,0.6875,0.1625,0.05
-0.060393,-0.02772,0,0.0068435,0.7125,0.1625,0.05
-0.052782,-0.028561,0,0.0070035,0.7375,0.1625,0.05
-0.044936,-0.028462,0,0.0070301,0.7625,0.1625,0.05
-0.037092,-0.027388,0,0.0069257,0.7875,0.1625,0.05
-0.029499,-0.025363,0,0.0067007,0.8125,0.1625,0.05
-0.022406,-0.022472,0,0.0063729,0.8375,0.1625,0.05
-0.016043,-0.018873,0,0.0059656,0.8625,0.1625,0.05
-0.010605,-0.014793,0,0.005505,0.8875,0.1625,0.05
-0.0062365,-0.010527,0,0.0050198,0.9125,0.1625,0.05
-0.003006,-0.0064329,0,0.0045433,0.9375,0.1625,0.05
-0.00092313,-0.002916,0,0.0040828,0.9625,0.1625,0.05
-8.3802e-05,-0.00043379,0,0.0035475,0.9875,0.1625,0.05
-0.00025769,0.0026681,0,0.0024242,0.0125,0.1875,0.05
-0.0019011,0.0083392,0,0.0015218,0.0375,0.1875,0.05
-0.0053543,0.013791,0,0.00097307,0.0625,0.1875,0.05
-0.010026,0.018716,0,0.00053843,0.0875,0.1875,0.05
-0.015671,0.022936,0,0.00017294,0.1125,0.1875,0.05
-0.022085,0.026364,0,-0.00012236,0.1375,0.1875,0.05
-0.029069,0.028977,0,-0.00035617,0.1625,0.1875,0.05
-0.036438,0.030792,0,-0.00053763,0.1875,0.1875,0.05
-0.044026,0.031849,0,-0.00067216,0.2125,0.1875,0.05
-0.05168,0.032195,0,-0.00076219,0.2375,0.1875,0.05
-0.059261,0.031874,0,-0.0008076,0.2625,0.1875,0.05
-0.066634,0.030926,0,-0.00080602,0.2875,0.1875,0.05
-0.073674,0.029385,0,-0.00075336,0.3125,0.1875,0.05
-0.080264,0.027278,0,-0.00064439,0.3375,0.1875,0.05
-0.086287,0.024631,0,-0.00047345,0.3625,0.1875,0.05
-0.091638,0.02147,0,-0.00023517,0.3875,0.1875,0.05
-0.096212,0.017825,0,7.4738e-05,0.4125,0.1875,0.05
-0.099917,0.013734,0,0.00045869,0.4375,0.1875,0.05
-0.10266,0.0092467,0,0.00091654,0.4625,0.1875,0.05
-0.10438,0.0044247,0,0.0014456,0.4875,0.1875,0.05
-0.105,-0.00065534,0,0.0020398,0.5125,0.1875,0.05
-0.10448,-0.0059002,0,0.0026814,0.5375,0.1875,0.05
-0.1028,-0.011197,0,0.0033478,0.5625,0.1875,0.05
-0.09993,-0.016412,0,0.0040188,0.5875,0.1875,0.05
-0.095902,-0.02139,0,0.0046712,0.6125,0.1875,0.05
-0.090759,-0.025963,0,0.0052791,0.6375,0.1875,0.05
-0.084581,-0.029955,0,0.0058161,0.6625,0.1875,0.05
-0.077486,-0.033188,0,0.006257,0.6875,0.1875,0.05
-0.069628,-0.035494,0,0.00658,0.7125,0.1875,0.05
-0.0612,-0.03673,0,0.006769,0.7375,0.1875,0.05
-0.052432,-0.036789,0,0.0068148,0.7625,0.1875,0.05
-0.043582,-0.035617,0,0.0067168,0.7875,0.1875,0.05
-0.03493,-0.03323,0,0.0064832,0.8125,0.1875,0.05
-0.026761,-0.029719,0,0.0061305,0.8375,0.1875,0.05
-0.019345,-0.025267,0,0.0056817,0.8625,0.1875,0.05
-0.012927,-0.020143,0,0.0051637,0.8875,0.1875,0.05
-0.0076967,-0.014701,0,0.0046069,0.9125,0.1875,0.05
-0.0037645,-0.0093663,0,0.0040489,0.9375,0.1875,0.05
-0.0011794,-0.0046144,0,0.0034949,0.9625,0.1875,0.05
-0.00011382,-0.00096353,0,0.0028253,0.9875,0.1875,0.05
-0.00029943,0.0037435,0,0.0025555,0.0125,0.2125,0.05
-0.0021827,0.011195,0,0.0015268,0.0375,0.2125,0.05
-0.0061095,0.018103,0,0.00091186,0.0625,0.2125,0.05
-0.011381,0.024196,0,0.00043135,0.0875,0.2125,0.05
-0.017703,0.029329,0,3.0067e-05,0.1125,0.2125,0.05
-0.024842,0.033442,0,-0.00029397,0.1375,0.2125,0.05
-0.032569,0.036537,0,-0.00055333,0.1625,0.2125,0.05
-0.040684,0.038653,0,-0.00076032,0.1875,0.2125,0.05
-0.049009,0.039846,0,-0.00092246,0.2125,0.2125,0.05
-0.057383,0.040176,0,-0.0010433,0.2375,0.2125,0.05
-0.065659,0.0397,0,-0.0011232,0.2625,0.2125,0.05
-0.0737,0.038466,0,-0.0011596,0.2875,0.2125,0.05
-0.081378,0.036515,0,-0.0011476,0.3125,0.2125,0.05
-0.088571,0.03388,0,-0.0010809,0.3375,0.2125,0.05
-0.095161,0.030591,0,-0.0009522,0.3625,0.2125,0.05
-0.10104,0.02668,0,-0.00075446,0.3875,0.2125,0.05
-0.10609,0.022185,0,-0.00048147,0.4125,0.2125,0.05
-0.11023,0.017152,0,-0.00012886,0.4375,0.2125,0.05
-0.11335,0.011638,0,0.00030505,0.4625,0.2125,0.05
-0.11538,0.0057181,0,0.00081923,0.4875,0.2125,0.05
-0.11625,-0.00051771,0,0.0014099,0.5125,0.2125,0.05
-0.1159,-0.00696,0,0.002061,0.5375,0.2125,0.05
-0.1143,-0.013478,0,0.0027489,0.5625,0.2125,0.05
-0.11142,-0.019915,0,0.0034528,0.5875,0.2125,0.05
-0.10727,-0.026088,0,0.0041483,0.6125,0.2125,0.05
-0.10189,-0.031798,0,0.0048073,0.6375,0.2125,0.05
-0.09534,-0.03683,0,0.0054003,0.6625,0.2125,0.05
-0.087735,-0.04097,0,0.0058984,0.6875,0.2125,0.05
-0.079226,-0.044007,0,0.0062754,0.7125,0.2125,0.05
-0.07001,-0.045759,0,0.0065103,0.7375,0.2125,0.05
-0.060325,-0.046081,0,0.0065895,0.7625,0.2125,0.05
-0.050453,-0.044891,0,0.0065085,0.7875,0.2125,0.05
-0.040703,-0.042186,0,0.0062723,0.8125,0.2125,0.05
-0.0314,-0.038058,0,0.0058959,0.8375,0.2125,0.05
-0.022866,-0.032708,0,0.0054023,0.8625,0.2125,0.05
-0.015398,-0.026444,0,0.0048195,0.8875,0.2125,0.05
-0.0092427,-0.01968,0,0.0041812,0.9125,0.2125,0.05
-0.0045605,-0.012914,0,0.0035307,0.9375,0.2125,0.05
-0.0014434,-0.0066996,0,0.0028735,0.9625,0.2125,0.05
-0.00014291,-0.0016257,0,0.0020608,0.9875,0.2125,0.05
-0.00033757,0.0049626,0,0.0025204,0.0125,0.2375,0.05
-0.0024417,0.014411,0,0.0013751,0.0375,0.2375,0.05
-0.0068058,0.02293,0,0.00069794,0.0625,0.2375,0.05
-0.012632,0.030293,0,0.00017274,0.0875,0.2375,0.05
-0.019584,0.0364,0,-0.00026522,0.1125,0.2375,0.05
-0.027395,0.04123,0,-0.00062069,0.1375,0.2375,0.05
-0.035816,0.044818,0,-0.00090971,0.1625,0.2375,0.05
-0.044627,0.047231,0,-0.0011473,0.1875,0.2375,0.05
-0.053641,0.048547,0,-0.0013428,0.2125,0.2375,0.05
-0.062689,0.048844,0,-0.0015005,0.2375,0.2375,0.05
-0.071622,0.048191,0,-0.001621,0.2625,0.2375,0.05
-0.0803,0.046645,0,-0.0017011,0.2875,0.2375,0.05
-0.088593,0.044256,0,-0.0017352,0.3125,0.2375,0.05
-0.096376,0.041061,0,-0.0017155,0.3375,0.2375,0.05
-0.10353,0.037098,0,-0.0016331,0.3625,0.2375,0.05
-0.10994,0.032402,0,-0.0014791,0.3875,0.2375,0.05
-0.11551,0.027017,0,-0.001245,0.4125,0.2375,0.05
-0.12011,0.020995,0,-0.00092453,0.4375,0.2375,0.05
-0.12367,0.014403,0,-0.0005138,0.4625,0.2375,0.05
-0.12608,0.0073266,0,-1.1988e-05,0.4875,0.2375,0.05
-0.12727,-0.00013224,0,0.00057901,0.5125,0.2375,0.05
-0.12718,-0.0078488,0,0.001246,0.5375,0.2375,0.05
-0.12575,-0.015677,0,0.0019657,0.5625,0.2375,0.05
-0.12296,-0.023437,0,0.0027155,0.5875,0.2375,0.05
-0.11879,-0.030921,0,0.0034698,0.6125,0.2375,0.05
-0.11326,-0.037895,0,0.0041983,0.6375,0.2375,0.05
-0.10642,-0.044108,0,0.0048679,0.6625,0.2375,0.05
-0.098383,-0.049302,0,0.0054451,0.6875,0.2375,0.05
-0.089277,-0.05322,0,0.0058982,0.7125,0.2375,0.05
-0.079304,-0.055632,0,0.0062005,0.7375,0.2375,0.05
-0.068711,-0.056347,0,0.0063323,0.7625,0.2375,0.05
-0.057798,-0.055242,0,0.0062839,0.7875,0.2375,0.05
-0.046906,-0.052285,0,0.0060563,0.8125,0.2375,0.05
-0.036405,-0.047558,0,0.0056622,0.8375,0.2375,0.05
-0.026673,-0.04127,0,0.0051243,0.8625,0.2375,0.05
-0.018072,-0.033769,0,0.0044726,0.8875,0.2375,0.05
-0.010914,-0.025527,0,0.0037449,0.9125,0.2375,0.05
-0.0054177,-0.017122,0,0.0029922,0.9375,0.2375,0.05
-0.0017255,-0.0091964,0,0.0022212,0.9625,0.2375,0.05
-0.00017304,-0.0024261,0,0.0012536,0.9875,0.2375,0.05
-0.0003721,0.006313,0,0.002292,0.0125,0.2625,0.05
-0.0026766,0.017957,0,0.0010408,0.0375,0.2625,0.05
-0.0074383,0.028228,0,0.00030632,0.0625,0.2625,0.05
-0.013771,0.036956,0,-0.0002614,0.0875,0.2625,0.05
-0.021298,0.044095,0,-0.0007359,0.1125,0.2625,0.05
-0.029725,0.049673,0,-0.0011246,0.1375,0.2625,0.05
-0.038782,0.053767,0,-0.0014467,0.1625,0.2625,0.05
-0.048235,0.056476,0,-0.0017195,0.1875,0.2625,0.05
-0.057886,0.057907,0,-0.0019538,0.2125,0.2625,0.05
-0.067563,0.058157,0,-0.0021544,0.2375,0.2625,0.05
-0.077113,0.05731,0,-0.0023217,0.2625,0.2625,0.05
-0.086396,0.055436,0,-0.002452,0.2875,0.2625,0.05
-0.09528,0.052591,0,-0.0025385,0.3125,0.2625,0.05
-0.10364,0.048818,0,-0.0025718,0.3375,0.2625,0.05
-0.11136,0.04416,0,-0.0025413,0.3625,0.2625,0.05
-0.11833,0.038656,0,-0.0024359,0.3875,0.2625,0.05
-0.12443,0.032354,0,-0.002245,0.4125,0.2625,0.05
-0.12954,0.025313,0,-0.0019597,0.4375,0.2625,0.05
-0.13358,0.017605,0,-0.0015738,0.4625,0.2625,0.05
-0.13645,0.0093252,0,-0.0010842,0.4875,0.2625,0.05
-0.13804,0.00058644,0,-0.00049138,0.5125,0.2625,0.05
-0.1383,-0.008474,0,0.00019502,0.5375,0.2625,0.05
-0.13715,-0.017695,0,0.00095489,0.5625,0.2625,0.05
-0.13455,-0.026878,0,0.0017625,0.5875,0.2625,0.05
-0.13046,-0.035788,0,0.002591,0.6125,0.2625,0.05
-0.12489,-0.044161,0,0.0034079,0.6375,0.2625,0.05
-0.11786,-0.051705,0,0.0041763,0.6625,0.2625,0.05
-0.10947,-0.058116,0,0.0048573,0.6875,0.2625,0.05
-0.099832,-0.063086,0,0.0054129,0.7125,0.2625,0.05
-0.089146,-0.066326,0,0.0058088,0.7375,0.2625,0.05
-0.077662,-0.067589,0,0.006018,0.7625,0.2625,0.05
-0.065696,-0.0667,0,0.0060239,0.7875,0.2625,0.05
-0.053621,-0.063582,0,0.0058219,0.8125,0.2625,0.05
-0.041856,-0.058293,0,0.0054214,0.8375,0.2625,0.05
-0.030841,-0.051042,0,0.0048444,0.8625,0.2625,0.05
-0.021011,-0.042207,0,0.0041229,0.8875,0.2625,0.05
-0.012755,-0.032321,0,0.0032999,0.9125,0.2625,0.05
-0.0063629,-0.022051,0,0.0024358,0.9375,0.2625,0.05
-0.0020364,-0.012142,0,0.0015396,0.9625,0.2625,0.05
-0.00020613,-0.0033763,0,0.00040111,0.9875,0.2625,0.05
-0.0004028,0.0077814,0,0.001846,0.0125,0.2875,0.05
-0.0028857,0.0218,0,0.00050036,0.0375,0.2875,0.05
-0.008002,0.033951,0,-0.00028591,0.0625,0.2875,0.05
-0.014787,0.044132,0,-0.00089332,0.0875,0.2875,0.05
-0.022829,0.052357,0,-0.0014036,0.1125,0.2875,0.05
-0.031811,0.058713,0,-0.0018268,0.1375,0.2875,0.05
-0.041441,0.063325,0,-0.0021848,0.1625,0.2875,0.05
-0.051475,0.066333,0,-0.0024972,0.1875,0.2875,0.05
-0.061708,0.067874,0,-0.0027756,0.2125,0.2875,0.05
-0.071963,0.06807,0,-0.0030253,0.2375,0.2875,0.05
-0.082086,0.067022,0,-0.0032461,0.2625,0.2875,0.05
-0.091937,0.064811,0,-0.0034338,0.2875,0.2875,0.05
-0.10139,0.061502,0,-0.00358,0.3125,0.2875,0.05
-0.11031,0.057145,0,-0.0036738,0.3375,0.2875,0.05
-0.1186,0.051783,0,-0.0037026,0.3625,0.2875,0.05
-0.12613,0.045463,0,-0.0036529,0.3875,0.2875,0.05
-0.13278,0.038233,0,-0.0035117,0.4125,0.2875,0.05
-0.13846,0.030155,0,-0.0032674,0.4375,0.2875,0.05
-0.14303,0.021307,0,-0.0029109,0.4625,0.2875,0.05
-0.14642,0.01179,0,-0.0024371,0.4875,0.2875,0.05
-0.1485,0.0017252,0,-0.0018442,0.5125,0.2875,0.05
-0.1492,-0.008739,0,-0.0011357,0.5375,0.2875,0.05
-0.14843,-0.019428,0,-0.00033029,0.5625,0.2875,0.05
-0.14612,-0.030128,0,0.00054474,0.5875,0.2875,0.05
-0.14223,-0.040581,0,0.0014619,0.6125,0.2875,0.05
-0.13673,-0.05049,0,0.0023866,0.6375,0.2875,0.05
-0.12962,-0.059526,0,0.0032776,0.6625,0.2875,0.05
-0.12098,-0.067331,0,0.0040901,0.6875,0.2875,0.05
-0.1109,-0.073542,0,0.0047785,0.7125,0.2875,0.05
-0.099559,-0.077803,0,0.0052997,0.7375,0.2875,0.05
-0.087219,-0.079799,0,0.0056175,0.7625,0.2875,0.05
-0.074204,-0.079286,0,0.0057062,0.7875,0.2875,0.05
-0.060917,-0.076128,0,0.0055537,0.8125,0.2875,0.05
-0.047825,-0.070341,0,0.0051645,0.8375,0.2875,0.05
-0.035437,-0.062119,0,0.0045589,0.8625,0.2875,0.05
-0.024272,-0.05186,0,0.0037706,0.8875,0.2875,0.05
-0.01481,-0.04016,0,0.0028486,0.9125,0.2875,0.05
-0.0074232,-0.02778,0,0.0018643,0.9375,0.2875,0.05
-0.0023871,-0.015587,0,0.00083025,0.9625,0.2875,0.05
-0.00024404,-0.0044939,0,-0.00049942,0.9875,0.2875,0.05
-0.00042938,0.0093538,0,0.0011603,0.0125,0.3125,0.05
-0.0030671,0.025905,0,-0.0002673,0.0375,0.3125,0.05
-0.0084916,0.04005,0,-0.0010993,0.0625,0.3125,0.05
-0.01567,0.051761,0,-0.0017432,0.0875,0.3125,0.05
-0.024163,0.061122,0,-0.0022883,0.1125,0.3125,0.05
-0.033631,0.068284,0,-0.0027468,0.1375,0.3125,0.05
-0.043767,0.073428,0,-0.0031435,0.1625,0.3125,0.05
-0.054316,0.07674,0,-0.0034995,0.1875,0.3125,0.05
-0.065067,0.078392,0,-0.0038274,0.2125,0.3125,0.05
-0.075842,0.078533,0,-0.0041325,0.2375,0.3125,0.05
-0.086486,0.077283,0,-0.0044142,0.2625,0.3125,0.05
-0.096863,0.074736,0,-0.0046671,0.2875,0.3125,0.05
-0.10684,0.070966,0,-0.0048815,0.3125,0.3125,0.05
-0.11631,0.066029,0,-0.0050448,0.3375,0.3125,0.05
-0.12515,0.059971,0,-0.0051421,0.3625,0.3125,0.05
-0.13324,0.052839,0,-0.0051576,0.3875,0.3125,0.05
-0.14048,0.044682,0,-0.0050753,0.4125,0.3125,0.05
-0.14673,0.035565,0,-0.0048807,0.4375,0.3125,0.05
-0.1519,0.025568,0,-0.0045616,0.4625,0.3125,0.05
-0.15587,0.014794,0,-0.00411,0.4875,0.3125,0.05
-0.15852,0.0033701,0,-0.0035214,0.5125,0.3125,0.05
-0.15974,-0.008546,0,-0.0027927,0.5375,0.3125,0.05
-0.15945,-0.020769,0,-0.0019398,0.5625,0.3125,0.05
-0.15756,-0.033072,0,-0.00099018,0.5875,0.3125,0.05
-0.15399,-0.04518,0,2.8533e-05,0.6125,0.3125,0.05
-0.14868,-0.056765,0,0.0010797,0.6375,0.3125,0.05
-0.14162,-0.067456,0,0.0021181,0.6625,0.3125,0.05
-0.13284,-0.076845,0,0.0030924,0.6875,0.3125,0.05
-0.12242,-0.084503,0,0.0039483,0.7125,0.3125,0.05
-0.11052,-0.090003,0,0.0046324,0.7375,0.3125,0.05
-0.097386,-0.092947,0,0.0050969,0.7625,0.3125,0.05
-0.083348,-0.093006,0,0.0053047,0.7875,0.3125,0.05
-0.068837,-0.089965,0,0.0052338,0.8125,0.3125,0.05
-0.054368,-0.083776,0,0.0048811,0.8375,0.3125,0.05
-0.040523,-0.0746,0,0.0042637,0.8625,0.3125,0.05
-0.027912,-0.062842,0,0.0034165,0.8875,0.3125,0.05
-0.017121,-0.049153,0,0.0023945,0.9125,0.3125,0.05
-0.0086252,-0.034403,0,0.0012821,0.9375,0.3125,0.05
-0.0027885,-0.019596,0,9.6359e-05,0.9625,0.3125,0.05
-0.00028855,-0.0058025,0,-0.0014492,0.9875,0.3125,0.05
-0.00045146,0.011015,0,0.00021615,0.0125,0.3375,0.05
-0.0032188,0.030232,0,-0.0012803,0.0375,0.3375,0.05
-0.0089019,0.046471,0,-0.0021517,0.0625,0.3375,0.05
-0.016413,0.059779,0,-0.0028288,0.0875,0.3375,0.05
-0.025286,0.07032,0,-0.0034073,0.1125,0.3375,0.05
-0.035166,0.078315,0,-0.0039019,0.1375,0.3375,0.05
-0.045734,0.084007,0,-0.0043397,0.1625,0.3375,0.05
-0.056723,0.08763,0,-0.0047435,0.1875,0.3375,0.05
-0.067921,0.089397,0,-0.0051263,0.2125,0.3375,0.05
-0.079149,0.089487,0,-0.0054933,0.2375,0.3375,0.05
-0.090253,0.088041,0,-0.0058436,0.2625,0.3375,0.05
-0.1011,0.085168,0,-0.0061705,0.2875,0.3375,0.05
-0.11157,0.08095,0,-0.0064629,0.3125,0.3375,0.05
-0.12154,0.075449,0,-0.0067062,0.3375,0.3375,0.05
-0.13091,0.068713,0,-0.0068833,0.3625,0.3375,0.05
-0.13956,0.060788,0,-0.0069756,0.3875,0.3375,0.05
-0.14737,0.051723,0,-0.0069643,0.4125,0.3375,0.05
-0.15423,0.041581,0,-0.0068312,0.4375,0.3375,0.05
-0.16003,0.03044,0,-0.0065608,0.4625,0.3375,0.05
-0.16463,0.018404,0,-0.0061416,0.4875,0.3375,0.05
-0.16791,0.0056033,0,-0.0055657,0.5125,0.3375,0.05
-0.16975,-0.0077991,0,-0.004823,0.5375,0.3375,0.05
-0.17004,-0.021608,0,-0.0039248,0.5625,0.3375,0.05
-0.16868,-0.035593,0,-0.0028971,0.5875,0.3375,0.05
-0.16555,-0.049459,0,-0.0017666,0.6125,0.3375,0.05
-0.16057,-0.062853,0,-0.00057134,0.6375,0.3375,0.05
-0.1537,-0.075364,0,0.00063945,0.6625,0.3375,0.05
-0.14492,-0.086532,0,0.0018078,0.6875,0.3375,0.05
-0.1343,-0.095861,0,0.0028698,0.7125,0.3375,0.05
-0.12195,-0.10284,0,0.0037601,0.7375,0.3375,0.05
-0.10812,-0.10698,0,0.0044171,0.7625,0.3375,0.05
-0.093112,-0.10784,0,0.0047891,0.7875,0.3375,0.05
-0.077392,-0.10511,0,0.0048409,0.8125,0.3375,0.05
-0.061517,-0.09866,0,0.0045591,0.8375,0.3375,0.05
-0.046141,-0.088581,0,0.0039549,0.8625,0.3375,0.05
-0.031975,-0.07527,0,0.0030626,0.8875,0.3375,0.05
-0.019729,-0.059427,0,0.0019435,0.9125,0.3375,0.05
-0.0099944,-0.04203,0,0.0006966,0.9375,0.3375,0.05
-0.0032511,-0.024246,0,-0.00065569,0.9625,0.3375,0.05
-0.0003414,-0.0073313,0,-0.0024463,0.9875,0.3375,0.05
-0.0004687,0.012748,0,-0.0010022,0.0125,0.3625,0.05
-0.0033387,0.034743,0,-0.0025538,0.0375,0.3625,0.05
-0.0092284,0.053156,0,-0.003458,0.0625,0.3625,0.05
-0.017005,0.06812,0,-0.0041646,0.0875,0.3625,0.05
-0.026186,0.079878,0,-0.0047752,0.1125,0.3625,0.05
-0.0364,0.08873,0,-0.0053066,0.1375,0.3625,0.05
-0.047316,0.094982,0,-0.0057879,0.1625,0.3625,0.05
-0.058665,0.098925,0,-0.0062432,0.1875,0.3625,0.05
-0.07023,0.10081,0,-0.0066863,0.2125,0.3625,0.05
-0.081832,0.10086,0,-0.0071221,0.2375,0.3625,0.05
-0.093322,0.099232,0,-0.007549,0.2625,0.3625,0.05
-0.10457,0.09605,0,-0.0079593,0.2875,0.3625,0.05
-0.11546,0.091406,0,-0.0083403,0.3125,0.3625,0.05
-0.12589,0.085368,0,-0.0086756,0.3375,0.3625,0.05
-0.13575,0.077984,0,-0.0089457,0.3625,0.3625,0.05
-0.14492,0.069299,0,-0.009129,0.3875,0.3625,0.05
-0.1533,0.059358,0,-0.0092035,0.4125,0.3625,0.05
-0.16077,0.04822,0,-0.0091472,0.4375,0.3625,0.05
-0.1672,0.035959,0,-0.0089404,0.4625,0.3625,0.05
-0.17247,0.022674,0,-0.0085676,0.4875,0.3625,0.05
-0.17645,0.0084971,0,-0.0080169,0.5125,0.3625,0.05
-0.17898,-0.0064089,0,-0.0072713,0.5375,0.3625,0.05
-0.17995,-0.021841,0,-0.0063354,0.5625,0.3625,0.05
-0.17922,-0.037567,0,-0.0052304,0.5875,0.3625,0.05
-0.17666,-0.053282,0,-0.0039816,0.6125,0.3625,0.05
-0.17217,-0.068609,0,-0.0026274,0.6375,0.3625,0.05
-0.16564,-0.083101,0,-0.0012202,0.6625,0.3625,0.05
-0.15703,-0.096245,0,0.00017539,0.6875,0.3625,0.05
-0.14636,-0.10747,0,0.0014854,0.7125,0.3625,0.05
-0.13372,-0.11619,0,0.0026307,0.7375,0.3625,0.05
-0.1193,-0.12179,0,0.0035335,0.7625,0.3625,0.05
-0.10343,-0.12373,0,0.0041244,0.7875,0.3625,0.05
-0.086559,-0.12156,0,0.0043508,0.8125,0.3625,0.05
-0.069278,-0.11503,0,0.004185,0.8375,0.3625,0.05
-0.052318,-0.10415,0,0.0036284,0.8625,0.3625,0.05
-0.036499,-0.089266,0,0.0027127,0.8875,0.3625,0.05
-0.022665,-0.071113,0,0.0015045,0.9125,0.3625,0.05
-0.011554,-0.050784,0,0.00011901,0.9375,0.3625,0.05
-0.0037852,-0.029624,0,-0.0014148,0.9625,0.3625,0.05
-0.00040435,-0.0091152,0,-0.0034835,0.9875,0.3625,0.05
-0.00048079,0.014536,0,-0.0025067,0.0125,0.3875,0.05
-0.0034256,0.039395,0,-0.0040993,0.0375,0.3875,0.05
-0.0094679,0.060047,0,-0.0050296,0.0625,0.3875,0.05
-0.017444,0.076711,0,-0.0057622,0.0875,0.3875,0.05
-0.026854,0.089717,0,-0.0064033,0.1125,0.3875,0.05
-0.037318,0.099443,0,-0.0069717,0.1375,0.3875,0.05
-0.048496,0.10627,0,-0.0074986,0.1625,0.3875,0.05
-0.060114,0.11054,0,-0.0080092,0.1875,0.3875,0.05
-0.071954,0.11256,0,-0.0085175,0.2125,0.3875,0.05
-0.083839,0.11258,0,-0.0090287,0.2375,0.3875,0.05
-0.095626,0.11078,0,-0.0095403,0.2625,0.3875,0.05
-0.10719,0.10731,0,-0.010044,0.2875,0.3875,0.05
-0.11843,0.10227,0,-0.010525,0.3125,0.3875,0.05
-0.12924,0.095727,0,-0.010965,0.3375,0.3875,0.05
-0.13951,0.087738,0,-0.011343,0.3625,0.3875,0.05
-0.14916,0.078339,0,-0.011634,0.3875,0.3875,0.05
-0.15807,0.067571,0,-0.011811,0.4125,0.3875,0.05
-0.16612,0.055483,0,-0.01185,0.4375,0.3875,0.05
-0.17319,0.042144,0,-0.011726,0.4625,0.3875,0.05
-0.17915,0.027644,0,-0.011418,0.4875,0.3875,0.05
-0.18385,0.01211,0,-0.010909,0.5125,0.3875,0.05
-0.18713,-0.0042963,0,-0.010177,0.5375,0.3875,0.05
-0.18886,-0.021367,0,-0.0092168,0.5625,0.3875,0.05
-0.18888,-0.038876,0,-0.008041,0.5875,0.3875,0.05
-0.18702,-0.056511,0,-0.0066724,0.6125,0.3875,0.05
-0.18315,-0.073878,0,-0.0051484,0.6375,0.3875,0.05
-0.17714,-0.090498,0,-0.0035232,0.6625,0.3875,0.05
-0.16888,-0.10581,0,-0.0018676,0.6875,0.3875,0.05
-0.15836,-0.11917,0,-0.0002659,0.7125,0.3875,0.05
-0.14561,-0.1299,0,0.001188,0.7375,0.3875,0.05
-0.13079,-0.13727,0,0.0023974,0.7625,0.3875,0.05
-0.1142,-0.14059,0,0.0032716,0.7875,0.3875,0.05
-0.096264,-0.13927,0,0.0037361,0.8125,0.3875,0.05
-0.077621,-0.13291,0,0.0037435,0.8375,0.3875,0.05
-0.059057,-0.12137,0,0.0032809,0.8625,0.3875,0.05
-0.041503,-0.10494,0,0.0023732,0.8875,0.3875,0.05
-0.025957,-0.084348,0,0.0010907,0.9125,0.3875,0.05
-0.013326,-0.060797,0,-0.00043368,0.9375,0.3875,0.05
-0.0044005,-0.035833,0,-0.0021637,0.9625,0.3875,0.05
-0.00047918,-0.011195,0,-0.0045472,0.9875,0.3875,0.05
-0.00048759,0.016361,0,-0.0043049,0.0125,0.4125,0.05
-0.0034791,0.044144,0,-0.0059245,0.0375,0.4125,0.05
-0.0096197,0.067081,0,-0.0068744,0.0625,0.4125,0.05
-0.017725,0.085479,0,-0.0076294,0.0875,0.4125,0.05
-0.027285,0.099755,0,-0.0082991,0.1125,0.4125,0.05
-0.037912,0.11037,0,-0.0089045,0.1375,0.4125,0.05
-0.049259,0.11777,0,-0.0094783,0.1625,0.4125,0.05
-0.061048,0.12238,0,-0.010047,0.1875,0.4125,0.05
-0.073061,0.12454,0,-0.010625,0.2125,0.4125,0.05
-0.085126,0.12453,0,-0.011217,0.2375,0.4125,0.05
-0.097105,0.12258,0,-0.011821,0.2625,0.4125,0.05
-0.10888,0.11885,0,-0.012427,0.2875,0.4125,0.05
-0.12036,0.11345,0,-0.01302,0.3125,0.4125,0.05
-0.13145,0.10645,0,-0.013579,0.3375,0.4125,0.05
-0.14206,0.097904,0,-0.014081,0.3625,0.4125,0.05
-0.1521,0.087849,0,-0.014497,0.3875,0.4125,0.05
-0.16147,0.076316,0,-0.014798,0.4125,0.4125,0.05
-0.17006,0.063344,0,-0.014953,0.4375,0.4125,0.05
-0.17773,0.048988,0,-0.014933,0.4625,0.4125,0.05
-0.18437,0.033328,0,-0.014711,0.4875,0.4125,0.05
-0.18981,0.016481,0,-0.014266,0.5125,0.4125,0.05
-0.19389,-0.0013983,0,-0.013572,0.5375,0.4125,0.05
-0.19644,-0.020101,0,-0.012605,0.5625,0.4125,0.05
-0.19728,-0.039406,0,-0.011371,0.5875,0.4125,0.05
-0.19625,-0.059005,0,-0.0098878,0.6125,0.4125,0.05
-0.19316,-0.078495,0,-0.0081885,0.6375,0.4125,0.05
-0.18784,-0.097369,0,-0.0063282,0.6625,0.4125,0.05
-0.18014,-0.11502,0,-0.0043823,0.6875,0.4125,0.05
-0.16999,-0.13075,0,-0.002445,0.7125,0.4125,0.05
-0.15736,-0.14376,0,-0.00062596,0.7375,0.4125,0.05
-0.14235,-0.15322,0,0.00095735,0.7625,0.4125,0.05
-0.12522,-0.15827,0,0.002189,0.7875,0.4125,0.05
-0.10639,-0.15815,0,0.0029672,0.8125,0.4125,0.05
-0.086475,-0.15225,0,0.0032187,0.8375,0.4125,0.05
-0.066329,-0.14028,0,0.0029101,0.8625,0.4125,0.05
-0.046992,-0.12239,0,0.0020538,0.8875,0.4125,0.05
-0.029623,-0.099265,0,0.00072114,0.9125,0.4125,0.05
-0.015328,-0.072209,0,-0.00093724,0.9375,0.4125,0.05
-0.0051067,-0.04298,0,-0.0028763,0.9625,0.4125,0.05
-0.00056777,-0.013615,0,-0.0056147,0.9875,0.4125,0.05
-0.00048915,0.018205,0,-0.0064003,0.0125,0.4375,0.05
-0.0034999,0.048948,0,-0.0080334,0.0375,0.4375,0.05
-0.0096859,0.074198,0,-0.0089965,0.0625,0.4375,0.05
-0.017853,0.09435,0,-0.0097701,0.0875,0.4375,0.05
-0.027485,0.10991,0,-0.010466,0.1125,0.4375,0.05
-0.038185,0.12141,0,-0.011108,0.1375,0.4375,0.05
-0.049601,0.1294,0,-0.011729,0.1625,0.4375,0.05
-0.061455,0.13434,0,-0.012357,0.1875,0.4375,0.05
-0.07353,0.13664,0,-0.013008,0.2125,0.4375,0.05
-0.085657,0.13662,0,-0.013686,0.2375,0.4375,0.05
-0.097706,0.13453,0,-0.014389,0.2625,0.4375,0.05
-0.10957,0.13056,0,-0.015106,0.2875,0.4375,0.05
-0.12117,0.12483,0,-0.015821,0.3125,0.4375,0.05
-0.13242,0.11742,0,-0.016513,0.3375,0.4375,0.05
-0.14325,0.10838,0,-0.017154,0.3625,0.4375,0.05
-0.15357,0.097741,0,-0.017714,0.3875,0.4375,0.05
-0.1633,0.08552,0,-0.018159,0.4125,0.4375,0.05
-0.17233,0.071744,0,-0.018455,0.4375,0.4375,0.05
-0.18055,0.056454,0,-0.018565,0.4625,0.4375,0.05
-0.18781,0.039714,0,-0.018455,0.4875,0.4375,0.05
-0.19398,0.021625,0,-0.018097,0.5125,0.4375,0.05
-0.19887,0.0023321,0,-0.017466,0.5375,0.4375,0.05
-0.20227,-0.017973,0,-0.016521,0.5625,0.4375,0.05
-0.20403,-0.039057,0,-0.01525,0.5875,0.4375,0.05
-0.20394,-0.060631,0,-0.013663,0.6125,0.4375,0.05
-0.20178,-0.082291,0,-0.011791,0.6375,0.4375,0.05
-0.19733,-0.10352,0,-0.0096849,0.6625,0.4375,0.05
-0.19041,-0.12366,0,-0.007423,0.6875,0.4375,0.05
-0.18086,-0.14196,0,-0.0051086,0.7125,0.4375,0.05
-0.16861,-0.15753,0,-0.0028667,0.7375,0.4375,0.05
-0.15369,-0.16941,0,-0.00083755,0.7625,0.4375,0.05
-0.13628,-0.17657,0,0.00083416,0.7875,0.4375,0.05
-0.11675,-0.17804,0,0.002014,0.8125,0.4375,0.05
-0.095725,-0.17298,0,0.0025954,0.8375,0.4375,0.05
-0.074077,-0.16087,0,0.0025162,0.8625,0.4375,0.05
-0.052948,-0.14167,0,0.0017695,0.8875,0.4375,0.05
-0.033671,-0.11598,0,0.00042191,0.9125,0.4375,0.05
-0.017575,-0.085163,0,-0.001358,0.9375,0.4375,0.05
-0.0059127,-0.051183,0,-0.003516,0.9625,0.4375,0.05
-0.00067216,-0.016428,0,-0.0066518,0.9875,0.4375,0.05
-0.00048578,0.020051,0,-0.0087915,0.0125,0.4625,0.05
-0.0034906,0.053764,0,-0.010426,0.0375,0.4625,0.05
-0.0096732,0.08134,0,-0.011396,0.0625,0.4625,0.05
-0.017838,0.10325,0,-0.012184,0.0875,0.4625,0.05
-0.027464,0.12009,0,-0.012904,0.1125,0.4625,0.05
-0.038148,0.13248,0,-0.013579,0.1375,0.4625,0.05
-0.049534,0.14104,0,-0.014246,0.1625,0.4625,0.05
-0.06134,0.1463,0,-0.014933,0.1875,0.4625,0.05
-0.073353,0.14873,0,-0.015657,0.2125,0.4625,0.05
-0.085411,0.1487,0,-0.016423,0.2375,0.4625,0.05
-0.097391,0.14649,0,-0.017229,0.2625,0.4625,0.05
-0.1092,0.14231,0,-0.018065,0.2875,0.4625,0.05
-0.12077,0.13629,0,-0.018912,0.3125,0.4625,0.05
-0.13203,0.12852,0,-0.019748,0.3375,0.4625,0.05
-0.14292,0.11905,0,-0.020544,0.3625,0.4625,0.05
-0.15338,0.10789,0,-0.021267,0.3875,0.4625,0.05
-0.16333,0.095072,0,-0.02188,0.4125,0.4625,0.05
-0.17269,0.08059,0,-0.02234,0.4375,0.4625,0.05
-0.18134,0.06447,0,-0.022607,0.4625,0.4625,0.05
-0.18916,0.046754,0,-0.022639,0.4875,0.4625,0.05
-0.19599,0.027522,0,-0.022398,0.5125,0.4625,0.05
-0.20166,0.0068999,0,-0.021854,0.5375,0.4625,0.05
-0.20595,-0.014933,0,-0.02096,0.5625,0.4625,0.05
-0.20868,-0.037742,0,-0.019683,0.5875,0.4625,0.05
-0.20961,-0.061263,0,-0.018017,0.6125,0.4625,0.05
-0.20851,-0.085103,0,-0.015982,0.6375,0.4625,0.05
-0.20513,-0.10874,0,-0.013627,0.6625,0.4625,0.05
-0.19921,-0.13149,0,-0.011031,0.6875,0.4625,0.05
-0.19054,-0.15254,0,-0.0083027,0.7125,0.4625,0.05
-0.17897,-0.17093,0,-0.0055821,0.7375,0.4625,0.05
-0.16445,-0.18555,0,-0.0030329,0.7625,0.4625,0.05
-0.14706,-0.19522,0,-0.00083158,0.7875,0.4625,0.05
-0.12712,-0.19872,0,0.00084897,0.8125,0.4625,0.05
-0.10521,-0.19494,0,0.001861,0.8375,0.4625,0.05
-0.082202,-0.18308,0,0.0021039,0.8625,0.4625,0.05
-0.05933,-0.16282,0,0.0015415,0.8875,0.4625,0.05
-0.038096,-0.13461,0,0.00022879,0.9125,0.4625,0.05
-0.020076,-0.099795,0,-0.0016505,0.9375,0.4625,0.05
-0.0068271,-0.060566,0,-0.0040326,0.9625,0.4625,0.05
-0.00079455,-0.019688,0,-0.0076098,0.9875,0.4625,0.05
-0.00047816,0.021884,0,-0.011472,0.0125,0.4875,0.05
-0.0034557,0.058557,0,-0.013098,0.0375,0.4875,0.05
-0.0095933,0.088452,0,-0.014071,0.0625,0.4875,0.05
-0.0177,0.11211,0,-0.014869,0.0875,0.4875,0.05
-0.027249,0.13022,0,-0.015608,0.1125,0.4875,0.05
-0.037829,0.14348,0,-0.016313,0.1375,0.4875,0.05
-0.049082,0.15259,0,-0.017021,0.1625,0.4875,0.05
-0.060724,0.15815,0,-0.017764,0.1875,0.4875,0.05
-0.072544,0.1607,0,-0.018558,0.2125,0.4875,0.05
-0.084388,0.16065,0,-0.019412,0.2375,0.4875,0.05
-0.096144,0.15832,0,-0.020321,0.2625,0.4875,0.05
-0.10773,0.15393,0,-0.021278,0.2875,0.4875,0.05
-0.11909,0.14765,0,-0.022263,0.3125,0.4875,0.05
-0.13019,0.13957,0,-0.023254,0.3375,0.4875,0.05
-0.14097,0.12973,0,-0.024219,0.3625,0.4875,0.05
-0.15139,0.11815,0,-0.025122,0.3875,0.4875,0.05
-0.16139,0.10482,0,-0.025922,0.4125,0.4875,0.05
-0.17091,0.089749,0,-0.026573,0.4375,0.4875,0.05
-0.17986,0.072921,0,-0.027026,0.4625,0.4875,0.05
-0.1881,0.05436,0,-0.02723,0.4875,0.4875,0.05
-0.1955,0.034116,0,-0.027139,0.5125,0.4875,0.05
-0.20189,0.012289,0,-0.026713,0.5375,0.4875,0.05
-0.20705,-0.010961,0,-0.025903,0.5625,0.4875,0.05
-0.21076,-0.035401,0,-0.024656,0.5875,0.4875,0.05
-0.21279,-0.060796,0,-0.022939,0.6125,0.4875,0.05
-0.21287,-0.086774,0,-0.020762,0.6375,0.4875,0.05
-0.21072,-0.11282,0,-0.018166,0.6625,0.4875,0.05
-0.20604,-0.13825,0,-0.015226,0.6875,0.4875,0.05
-0.19853,-0.1622,0,-0.012055,0.7125,0.4875,0.05
-0.18796,-0.18363,0,-0.0088053,0.7375,0.4875,0.05
-0.17419,-0.20132,0,-0.0056629,0.7625,0.4875,0.05
-0.1572,-0.2139,0,-0.0028384,0.7875,0.4875,0.05
-0.1372,-0.21991,0,-0.00054846,0.8125,0.4875,0.05
-0.11471,-0.21792,0,0.0010094,0.8375,0.4875,0.05
-0.090567,-0.20678,0,0.0016852,0.8625,0.4875,0.05
-0.066068,-0.18582,0,0.0014011,0.8875,0.4875,0.05
-0.042878,-0.15521,0,0.00018995,0.9125,0.4875,0.05
-0.022838,-0.11623,0,-0.0017538,0.9375,0.4875,0.05
-0.0078577,-0.071255,0,-0.0043586,0.9625,0.4875,0.05
-0.00093735,-0.023456,0,-0.008422,0.9875,0.4875,0.05
-0.00046742,0.02369,0,-0.014433,0.0125,0.5125,0.05
-0.0034029,0.063298,0,-0.016044,0.0375,0.5125,0.05
-0.0094651,0.095491,0,-0.017014,0.0625,0.5125,0.05
-0.017468,0.12088,0,-0.017819,0.0875,0.5125,0.05
-0.026878,0.14022,0,-0.01857,0.1125,0.5125,0.05
-0.037275,0.15431,0,-0.019297,0.1375,0.5125,0.05
-0.048293,0.16393,0,-0.020039,0.1625,0.5125,0.05
-0.05965,0.16976,0,-0.020829,0.1875,0.5125,0.05
-0.071138,0.17239,0,-0.021687,0.2125,0.5125,0.05
-0.082612,0.1723,0,-0.022621,0.2375,0.5125,0.05
-0.093972,0.16983,0,-0.023631,0.2625,0.5125,0.05
-0.10515,0.16526,0,-0.024707,0.2875,0.5125,0.05
-0.11612,0.15874,0,-0.025833,0.3125,0.5125,0.05
-0.12684,0.15038,0,-0.026984,0.3375,0.5125,0.05
-0.1373,0.14024,0,-0.028128,0.3625,0.5125,0.05
-0.14747,0.12831,0,-0.029226,0.3875,0.5125,0.05
-0.15732,0.11459,0,-0.030233,0.4125,0.5125,0.05
-0.1668,0.099047,0,-0.031097,0.4375,0.5125,0.05
-0.17584,0.081652,0,-0.031762,0.4625,0.5125,0.05
-0.18435,0.062399,0,-0.032171,0.4875,0.5125,0.05
-0.19218,0.041305,0,-0.032264,0.5125,0.5125,0.05
-0.19918,0.018438,0,-0.03199,0.5375,0.5125,0.05
-0.20515,-0.0060745,0,-0.031301,0.5625,0.5125,0.05
-0.20981,-0.032007,0,-0.030122,0.5875,0.5125,0.05
-0.21297,-0.059149,0,-0.028392,0.6125,0.5125,0.05
-0.21433,-0.087169,0,-0.026102,0.6375,0.5125,0.05
-0.21357,-0.11557,0,-0.023283,0.6625,0.5125,0.05
-0.21033,-0.14368,0,-0.020001,0.6875,0.5125,0.05
-0.20427,-0.17062,0,-0.016368,0.7125,0.5125,0.05
-0.19505,-0.19527,0,-0.012546,0.7375,0.5125,0.05
-0.18242,-0.21632,0,-0.0087422,0.7625,0.5125,0.05
-0.16626,-0.23221,0,-0.0052007,0.7875,0.5125,0.05
-0.14663,-0.24123,0,-0.0021861,0.8125,0.5125,0.05
-0.12394,-0.2416,0,4.603e-05,0.8375,0.5125,0.05
-0.098986,-0.23175,0,0.0012835,0.8625,0.5125,0.05
-0.073061,-0.21056,0,0.0013925,0.8875,0.5125,0.05
-0.047979,-0.17781,0,0.0003696,0.9125,0.5125,0.05
-0.025857,-0.13459,0,-0.0015881,0.9375,0.5125,0.05
-0.0090117,-0.083377,0,-0.0044047,0.9625,0.5125,0.05
-0.0011033,-0.027799,0,-0.0089987,0.9875,0.5125,0.05
-0.0004552,0.025463,0,-0.017661,0.0125,0.5375,0.05
-0.0033428,0.067968,0,-0.019254,0.0375,0.5375,0.05
-0.0093154,0.10243,0,-0.020219,0.0625,0.5375,0.05
-0.017187,0.1295,0,-0.021024,0.0875,0.5375,0.05
-0.026409,0.15003,0,-0.02178,0.1125,0.5375,0.05
-0.03655,0.16489,0,-0.022518,0.1375,0.5375,0.05
-0.047237,0.17496,0,-0.02328,0.1625,0.5375,0.05
-0.058187,0.18099,0,-0.024104,0.1875,0.5375,0.05
-0.069198,0.18366,0,-0.025011,0.2125,0.5375,0.05
-0.080134,0.18348,0,-0.026013,0.2375,0.5375,0.05
-0.090913,0.18085,0,-0.027113,0.2625,0.5375,0.05
-0.10149,0.17607,0,-0.028303,0.2875,0.5375,0.05
-0.11184,0.16933,0,-0.029565,0.3125,0.5375,0.05
-0.12196,0.16074,0,-0.030877,0.3375,0.5375,0.05
-0.13186,0.15035,0,-0.032205,0.3625,0.5375,0.05
-0.14154,0.13816,0,-0.033507,0.3875,0.5375,0.05
-0.15099,0.12415,0,-0.034735,0.4125,0.5375,0.05
-0.16019,0.10827,0,-0.035832,0.4375,0.5375,0.05
-0.16911,0.090461,0,-0.036735,0.4625,0.5375,0.05
-0.17765,0.070692,0,-0.037377,0.4875,0.5375,0.05
-0.18572,0.048943,0,-0.037688,0.5125,0.5375,0.05
-0.19318,0.025239,0,-0.037602,0.5375,0.5375,0.05
-0.19983,-0.00033028,0,-0.037069,0.5625,0.5375,0.05
-0.20541,-0.027572,0,-0.035994,0.5875,0.5375,0.05
-0.20968,-0.056281,0,-0.034295,0.6125,0.5375,0.05
-0.21236,-0.086181,0,-0.031932,0.6375,0.5375,0.05
-0.21311,-0.11682,0,-0.028918,0.6625,0.5375,0.05
-0.21152,-0.14754,0,-0.025308,0.6875,0.5375,0.05
-0.20718,-0.17748,0,-0.021208,0.7125,0.5375,0.05
-0.19967,-0.20548,0,-0.016783,0.7375,0.5375,0.05
-0.18861,-0.23012,0,-0.012258,0.7625,0.5375,0.05
-0.17375,-0.2497,0,-0.0079088,0.7875,0.5375,0.05
-0.15499,-0.26223,0,-0.0040513,0.8125,0.5375,0.05
-0.13259,-0.26559,0,-0.0010063,0.8375,0.5375,0.05
-0.10723,-0.2577,0,0.00093929,0.8625,0.5375,0.05
-0.080172,-0.23688,0,0.0015781,0.8875,0.5375,0.05
-0.053342,-0.20239,0,0.00085269,0.9125,0.5375,0.05
-0.029125,-0.15495,0,-0.0010495,0.9375,0.5375,0.05
-0.010295,-0.097056,0,-0.0040551,0.9625,0.5375,0.05
-0.0012953,-0.032784,0,-0.009222,0.9875,0.5375,0.05
-0.00044386,0.027203,0,-0.02114,0.0125,0.5625,0.05
-0.0032903,0.072566,0,-0.02272,0.0375,0.5625,0.05
-0.0091811,0.10925,0,-0.023679,0.0625,0.5625,0.05
-0.016915,0.13795,0,-0.024477,0.0875,0.5625,0.05
-0.025919,0.15959,0,-0.025226,0.1125,0.5625,0.05
-0.035745,0.17514,0,-0.025957,0.1375,0.5625,0.05
-0.046009,0.18556,0,-0.02672,0.1625,0.5625,0.05
-0.05643,0.19172,0,-0.027555,0.1875,0.5625,0.05
-0.066812,0.19434,0,-0.02849,0.2125,0.5625,0.05
-0.077036,0.19401,0,-0.02954,0.2375,0.5625,0.05
-0.087034,0.19118,0,-0.030712,0.2625,0.5625,0.05
-0.096783,0.18618,0,-0.032,0.2875,0.5625,0.05
-0.10628,0.17921,0,-0.033389,0.3125,0.5625,0.05
-0.11556,0.1704,0,-0.034855,0.3375,0.5625,0.05
-0.12465,0.15981,0,-0.036365,0.3625,0.5625,0.05
-0.13357,0.14744,0,-0.037875,0.3875,0.5625,0.05
-0.14235,0.13324,0,-0.039333,0.4125,0.5625,0.05
-0.151,0.11715,0,-0.040677,0.4375,0.5625,0.05
-0.15951,0.099103,0,-0.041838,0.4625,0.5625,0.05
-0.16784,0.079012,0,-0.042739,0.4875,0.5625,0.05
-0.17591,0.056826,0,-0.043297,0.5125,0.5625,0.05
-0.1836,0.032525,0,-0.043434,0.5375,0.5625,0.05
-0.19075,0.0061538,0,-0.043079,0.5625,0.5625,0.05
-0.19713,-0.022155,0,-0.042147,0.5875,0.5625,0.05
-0.20245,-0.05219,0,-0.040533,0.6125,0.5625,0.05
-0.20646,-0.083741,0,-0.038143,0.6375,0.5625,0.05
-0.20879,-0.11642,0,-0.034971,0.6625,0.5625,0.05
-0.20902,-0.14961,0,-0.031058,0.6875,0.5625,0.05
-0.20666,-0.18246,0,-0.026499,0.7125,0.5625,0.05
-0.20121,-0.21384,0,-0.021453,0.7375,0.5625,0.05
-0.19217,-0.24225,0,-0.016158,0.7625,0.5625,0.05
-0.17911,-0.26585,0,-0.01092,0.7875,0.5625,0.05
-0.16179,-0.2824,0,-0.0061025,0.8125,0.5625,0.05
-0.14025,-0.2894,0,-0.0020989,0.8375,0.5625,0.05
-0.115,-0.28422,0,0.00071661,0.8625,0.5625,0.05
-0.087224,-0.26452,0,0.0020443,0.8875,0.5625,0.05
-0.058884,-0.22884,0,0.0017507,0.9125,0.5625,0.05
-0.032624,-0.17735,0,-3.9486e-06,0.9375,0.5625,0.05
-0.011714,-0.11241,0,-0.0031605,0.9625,0.5625,0.05
-0.001517,-0.038487,0,-0.0089389,0.9875,0.5625,0.05
-0.00043664,0.028916,0,-0.024853,0.0125,0.5875,0.05
-0.0032659,0.077108,0,-0.026435,0.0375,0.5875,0.05
-0.0091118,0.11596,0,-0.027388,0.0625,0.5875,0.05
-0.01673,0.14622,0,-0.028171,0.0875,0.5875,0.05
-0.02551,0.16886,0,-0.028894,0.1125,0.5875,0.05
-0.034976,0.18498,0,-0.029595,0.1375,0.5875,0.05
-0.044733,0.19564,0,-0.030329,0.1625,0.5875,0.05
-0.054501,0.20179,0,-0.031144,0.1875,0.5875,0.05
-0.064099,0.20426,0,-0.032075,0.2125,0.5875,0.05
-0.073424,0.20369,0,-0.033144,0.2375,0.5875,0.05
-0.082432,0.2006,0,-0.034361,0.2625,0.5875,0.05
-0.091124,0.19532,0,-0.035724,0.2875,0.5875,0.05
-0.099531,0.18811,0,-0.03722,0.3125,0.5875,0.05
-0.1077,0.1791,0,-0.038826,0.3375,0.5875,0.05
-0.11569,0.16835,0,-0.040509,0.3625,0.5875,0.05
-0.12357,0.15586,0,-0.042223,0.3875,0.5875,0.05
-0.13138,0.14158,0,-0.043913,0.4125,0.5875,0.05
-0.13918,0.12542,0,-0.045511,0.4375,0.5875,0.05
-0.14699,0.10729,0,-0.046943,0.4625,0.5875,0.05
-0.1548,0.087086,0,-0.04812,0.4875,0.5875,0.05
-0.16258,0.064702,0,-0.048951,0.5125,0.5875,0.05
-0.17025,0.040075,0,-0.049336,0.5375,0.5875,0.05
-0.17767,0.013191,0,-0.049187,0.5625,0.5875,0.05
-0.18467,-0.015877,0,-0.048438,0.5875,0.5875,0.05
-0.19091,-0.046938,0,-0.046951,0.6125,0.5875,0.05
-0.19618,-0.079839,0,-0.04458,0.6375,0.5875,0.05
-0.20012,-0.11426,0,-0.041294,0.6625,0.5875,0.05
-0.20226,-0.14968,0,-0.037114,0.6875,0.5875,0.05
-0.2021,-0.18528,0,-0.032113,0.7125,0.5875,0.05
-0.19903,-0.21996,0,-0.026445,0.7375,0.5875,0.05
-0.19245,-0.25222,0,-0.020347,0.7625,0.5875,0.05
-0.18176,-0.28008,0,-0.014147,0.7875,0.5875,0.05
-0.1665,-0.30111,0,-0.0082593,0.8125,0.5875,0.05
-0.14647,-0.31241,0,-0.0031487,0.8375,0.5875,0.05
-0.12197,-0.31078,0,0.00071168,0.8625,0.5875,0.05
-0.093999,-0.29309,0,0.0029094,0.8875,0.5875,0.05
-0.0645,-0.25697,0,0.0032091,0.9125,0.5875,0.05
-0.036326,-0.2018,0,0.0017199,0.9375,0.5875,0.05
-0.013272,-0.12953,0,-0.0015305,0.9625,0.5875,0.05
-0.0017725,-0.044985,0,-0.0079538,0.9875,0.5875,0.05
-0.00043803,0.030625,0,-0.02879,0.0125,0.6125,0.05
-0.0032968,0.081644,0,-0.030398,0.0375,0.6125,0.05
-0.0091726,0.12263,0,-0.031347,0.0625,0.6125,0.05
-0.016734,0.15433,0,-0.032101,0.0875,0.6125,0.05
-0.02531,0.17784,0,-0.032774,0.1125,0.6125,0.05
-0.034387,0.19436,0,-0.03341,0.1375,0.6125,0.05
-0.043559,0.20508,0,-0.034074,0.1625,0.6125,0.05
-0.052551,0.21108,0,-0.034826,0.1875,0.6125,0.05
-0.0612,0.21325,0,-0.035711,0.2125,0.6125,0.05
-0.06943,0.21234,0,-0.036758,0.2375,0.6125,0.05
-0.077226,0.20888,0,-0.037983,0.2625,0.6125,0.05
-0.084618,0.20327,0,-0.039388,0.2875,0.6125,0.05
-0.091667,0.19578,0,-0.040964,0.3125,0.6125,0.05
-0.098453,0.18656,0,-0.042689,0.3375,0.6125,0.05
-0.10507,0.17568,0,-0.044527,0.3625,0.6125,0.05
-0.11159,0.16312,0,-0.046433,0.3875,0.6125,0.05
-0.11813,0.14885,0,-0.048348,0.4125,0.6125,0.05
-0.12476,0.13275,0,-0.050199,0.4375,0.6125,0.05
-0.13153,0.11472,0,-0.051905,0.4625,0.6125,0.05
-0.13849,0.0946,0,-0.053369,0.4875,0.6125,0.05
-0.14566,0.072273,0,-0.054487,0.5125,0.6125,0.05
-0.15299,0.047615,0,-0.055142,0.5375,0.6125,0.05
-0.16039,0.02055,0,-0.055229,0.5625,0.6125,0.05
-0.16775,-0.0089261,0,-0.054688,0.5875,0.6125,0.05
-0.17472,-0.040656,0,-0.053358,0.6125,0.6125,0.05
-0.18112,-0.074532,0,-0.051049,0.6375,0.6125,0.05
-0.1866,-0.11033,0,-0.047694,0.6625,0.6125,0.05
-0.19071,-0.14762,0,-0.043285,0.6875,0.6125,0.05
-0.19289,-0.18568,0,-0.037874,0.7125,0.6125,0.05
-0.1925,-0.22348,0,-0.031592,0.7375,0.6125,0.05
-0.1888,-0.25952,0,-0.024671,0.7625,0.6125,0.05
-0.18103,-0.2918,0,-0.017454,0.7875,0.6125,0.05
-0.1685,-0.3177,0,-0.010393,0.8125,0.6125,0.05
-0.15074,-0.33394,0,-0.0040279,0.8375,0.6125,0.05
-0.12774,-0.33674,0,0.0010622,0.8625,0.6125,0.05
-0.10023,-0.32209,0,0.0043323,0.8875,0.6125,0.05
-0.070055,-0.28651,0,0.0054156,0.9125,0.6125,0.05
-0.040194,-0.22823,0,0.0043399,0.9375,0.6125,0.05
-0.014975,-0.14852,0,0.0010762,0.9625,0.6125,0.05
-0.0020671,-0.052361,0,-0.0060183,0.9875,0.6125,0.05
-0.00045433,0.032367,0,-0.032941,0.0125,0.6375,0.05
-0.0034199,0.086254,0,-0.034615,0.0375,0.6375,0.05
-0.0094492,0.12932,0,-0.035564,0.0625,0.6375,0.05
-0.017055,0.16234,0,-0.036272,0.0875,0.6375,0.05
-0.025476,0.18652,0,-0.036859,0.1125,0.6375,0.05
-0.034152,0.20323,0,-0.037382,0.1375,0.6375,0.05
-0.042663,0.2138,0,-0.037921,0.1625,0.6375,0.05
-0.050747,0.21943,0,-0.038553,0.1875,0.6375,0.05
-0.058272,0.22113,0,-0.039335,0.2125,0.6375,0.05
-0.065196,0.21971,0,-0.040307,0.2375,0.6375,0.05
-0.071541,0.21578,0,-0.041493,0.2625,0.6375,0.05
-0.077376,0.20976,0,-0.042899,0.2875,0.6375,0.05
-0.082796,0.20194,0,-0.044519,0.3125,0.6375,0.05
-0.087912,0.19249,0,-0.046331,0.3375,0.6375,0.05
-0.092847,0.18149,0,-0.0483,0.3625,0.6375,0.05
-0.097725,0.16892,0,-0.050378,0.3875,0.6375,0.05
-0.10267,0.15473,0,-0.052502,0.4125,0.6375,0.05
-0.10779,0.13882,0,-0.054596,0.4375,0.6375,0.05
-0.11319,0.12103,0,-0.05657,0.4625,0.6375,0.05
-0.11896,0.10121,0,-0.058321,0.4875,0.6375,0.05
-0.12515,0.079194,0,-0.059731,0.5125,0.6375,0.05
-0.13177,0.054812,0,-0.060672,0.5375,0.6375,0.05
-0.13881,0.027925,0,-0.061016,0.5625,0.6375,0.05
-0.14619,-0.0015559,0,-0.060686,0.5875,0.6375,0.05
-0.15364,-0.033544,0,-0.059521,0.6125,0.6375,0.05
-0.16095,-0.067949,0,-0.057316,0.6375,0.6375,0.05
-0.16784,-0.10467,0,-0.053935,0.6625,0.6375,0.05
-0.17387,-0.14337,0,-0.049339,0.6875,0.6375,0.05
-0.17848,-0.18348,0,-0.04355,0.7125,0.6375,0.05
-0.18098,-0.22404,0,-0.036674,0.7375,0.6375,0.05
-0.18054,-0.26368,0,-0.028924,0.7625,0.6375,0.05
-0.17623,-0.30038,0,-0.020646,0.7875,0.6375,0.05
-0.16714,-0.33141,0,-0.01232,0.8125,0.6375,0.05
-0.15246,-0.3532,0,-0.0045554,0.8375,0.6375,0.05
-0.13182,-0.36134,0,0.0019574,0.8625,0.6375,0.05
-0.1056,-0.35088,0,0.0065231,0.8875,0.6375,0.05
-0.075382,-0.31701,0,0.0086112,0.9125,0.6375,0.05
-0.044181,-0.25649,0,0.0081316,0.9375,0.6375,0.05
-0.016831,-0.16944,0,0.0049636,0.9625,0.6375,0.05
-0.0024083,-0.060701,0,-0.0028192,0.9875,0.6375,0.05
-0.00049474,0.034203,0,-0.037311,0.0125,0.6625,0.05
-0.0036858,0.091072,0,-0.039113,0.0375,0.6625,0.05
-0.010054,0.13618,0,-0.040065,0.0625,0.6625,0.05
-0.017855,0.17034,0,-0.040699,0.0875,0.6625,0.05
-0.026201,0.19494,0,-0.04115,0.1125,0.6625,0.05
-0.03447,0.21155,0,-0.041493,0.1375,0.6625,0.05
-0.042237,0.22167,0,-0.041834,0.1625,0.6625,0.05
-0.049267,0.22668,0,-0.042271,0.1875,0.6625,0.05
-0.05547,0.2277,0,-0.042879,0.2125,0.6625,0.05
-0.060855,0.2256,0,-0.04371,0.2375,0.6625,0.05
-0.065494,0.22105,0,-0.044799,0.2625,0.6625,0.05
-0.069498,0.21452,0,-0.046155,0.2875,0.6625,0.05
-0.073003,0.20631,0,-0.047776,0.3125,0.6625,0.05
-0.076157,0.19661,0,-0.049638,0.3375,0.6625,0.05
-0.079116,0.18549,0,-0.051707,0.3625,0.6625,0.05
-0.082034,0.17294,0,-0.053929,0.3875,0.6625,0.05
-0.085065,0.15891,0,-0.05624,0.4125,0.6625,0.05
-0.088357,0.14327,0,-0.058557,0.4375,0.6625,0.05
-0.092048,0.12588,0,-0.060784,0.4625,0.6625,0.05
-0.096264,0.10655,0,-0.062809,0.4875,0.6625,0.05
-0.10111,0.08509,0,-0.064505,0.5125,0.6625,0.05
-0.10665,0.061285,0,-0.065732,0.5375,0.6625,0.05
-0.11292,0.034942,0,-0.066341,0.5625,0.6625,0.05
-0.11991,0.0059045,0,-0.066203,0.5875,0.6625,0.05
-0.12753,-0.025871,0,-0.0652,0.6125,0.6625,0.05
-0.13546,-0.060304,0,-0.063129,0.6375,0.6625,0.05
-0.14352,-0.097398,0,-0.059754,0.6625,0.6625,0.05
-0.15133,-0.13696,0,-0.055002,0.6875,0.6625,0.05
-0.15833,-0.17856,0,-0.048866,0.7125,0.6625,0.05
-0.16384,-0.2214,0,-0.041417,0.7375,0.6625,0.05
-0.16697,-0.26425,0,-0.032839,0.7625,0.6625,0.05
-0.16664,-0.30519,0,-0.023465,0.7875,0.6625,0.05
-0.16168,-0.34146,0,-0.013794,0.8125,0.6625,0.05
-0.15098,-0.36927,0,-0.0044889,0.8375,0.6625,0.05
-0.13369,-0.38366,0,0.003647,0.8625,0.6625,0.05
-0.10972,-0.37865,0,0.0097534,0.8875,0.6625,0.05
-0.080278,-0.34793,0,0.013102,0.9125,0.6625,0.05
-0.04823,-0.28636,0,0.013442,0.9375,0.6625,0.05
-0.018853,-0.19232,0,0.010514,0.9625,0.6625,0.05
-0.0028071,-0.070103,0,0.0020364,0.9875,0.6625,0.05
-0.00057319,0.036226,0,-0.041925,0.0125,0.6875,0.05
-0.0041652,0.096291,0,-0.04394,0.0375,0.6875,0.05
-0.011135,0.1434,0,-0.044898,0.0625,0.6875,0.05
-0.019337,0.17848,0,-0.045413,0.0875,0.6875,0.05
-0.027707,0.20315,0,-0.045654,0.1125,0.6875,0.05
-0.03556,0.21926,0,-0.045727,0.1375,0.6875,0.05
-0.042476,0.22859,0,-0.045773,0.1625,0.6875,0.05
-0.048271,0.23265,0,-0.04592,0.1875,0.6875,0.05
-0.05292,0.23271,0,-0.046266,0.2125,0.6875,0.05
-0.0565,0.22973,0,-0.046881,0.2375,0.6875,0.05
-0.059146,0.22442,0,-0.047804,0.2625,0.6875,0.05
-0.061023,0.21726,0,-0.049054,0.2875,0.6875,0.05
-0.062313,0.2086,0,-0.050626,0.3125,0.6875,0.05
-0.063204,0.1986,0,-0.052497,0.3375,0.6875,0.05
-0.063885,0.18736,0,-0.054629,0.3625,0.6875,0.05
-0.06454,0.17487,0,-0.056963,0.3875,0.6875,0.05
-0.065354,0.16105,0,-0.059431,0.4125,0.6875,0.05
-0.066503,0.1458,0,-0.061945,0.4375,0.6875,0.05
-0.06816,0.12894,0,-0.0644,0.4625,0.6875,0.05
-0.070485,0.11027,0,-0.066676,0.4875,0.6875,0.05
-0.073627,0.089584,0,-0.068636,0.5125,0.6875,0.05
-0.077712,0.06664,0,-0.070127,0.5375,0.6875,0.05
-0.08283,0.041197,0,-0.070978,0.5625,0.6875,0.05
-0.089026,0.013033,0,-0.071027,0.5875,0.6875,0.05
-0.096375,-0.018004,0,-0.070193,0.6125,0.6875,0.05
-0.10452,-0.051914,0,-0.068245,0.6375,0.6875,0.05
-0.11342,-0.088775,0,-0.064879,0.6625,0.6875,0.05
-0.12273,-0.12854,0,-0.059985,0.6875,0.6875,0.05
-0.13198,-0.17093,0,-0.053516,0.7125,0.6875,0.05
-0.1405,-0.21538,0,-0.045508,0.7375,0.6875,0.05
-0.14739,-0.26085,0,-0.036102,0.7625,0.6875,0.05
-0.15147,-0.30564,0,-0.025602,0.7875,0.6875,0.05
-0.15134,-0.34705,0,-0.014507,0.8125,0.6875,0.05
-0.14553,-0.3812,0,-0.0035211,0.8375,0.6875,0.05
-0.13269,-0.40264,0,0.006449,0.8625,0.6875,0.05
-0.11214,-0.40441,0,0.014368,0.8875,0.6875,0.05
-0.08449,-0.37852,0,0.019275,0.9125,0.6875,0.05
-0.052276,-0.31746,0,0.020707,0.9375,0.6875,0.05
-0.021067,-0.21716,0,0.018208,0.9625,0.6875,0.05
-0.0032819,-0.080679,0,0.0090434,0.9875,0.6875,0.05
-0.00071199,0.038576,0,-0.046841,0.0125,0.7125,0.05
-0.0049589,0.10219,0,-0.04919,0.0375,0.7125,0.05
-0.012888,0.15125,0,-0.050144,0.0625,0.7125,0.05
-0.021747,0.18691,0,-0.05047,0.0875,0.7125,0.05
-0.030244,0.21118,0,-0.050394,0.1125,0.7125,0.05
-0.037639,0.22631,0,-0.050073,0.1375,0.7125,0.05
-0.043547,0.23437,0,-0.049697,0.1625,0.7125,0.05
-0.047867,0.23711,0,-0.049437,0.1875,0.7125,0.05
-0.050671,0.23592,0,-0.049418,0.2125,0.7125,0.05
-0.052128,0.23182,0,-0.049726,0.2375,0.7125,0.05
-0.052452,0.22557,0,-0.050411,0.2625,0.7125,0.05
-0.051874,0.21768,0,-0.051492,0.2875,0.7125,0.05
-0.050626,0.20849,0,-0.052964,0.3125,0.7125,0.05
-0.04894,0.19818,0,-0.0548,0.3375,0.7125,0.05
-0.047038,0.18682,0,-0.056956,0.3625,0.7125,0.05
-0.045136,0.17441,0,-0.059367,0.3875,0.7125,0.05
-0.04344,0.16087,0,-0.061957,0.4125,0.7125,0.05
-0.042156,0.14608,0,-0.064635,0.4375,0.7125,0.05
-0.041483,0.12987,0,-0.067286,0.4625,0.7125,0.05
-0.041611,0.11203,0,-0.06978,0.4875,0.7125,0.05
-0.042723,0.092319,0,-0.071971,0.5125,0.7125,0.05
-0.044993,0.070496,0,-0.073694,0.5375,0.7125,0.05
-0.048567,0.046286,0,-0.07476,0.5625,0.7125,0.05
-0.053558,0.019408,0,-0.074982,0.5875,0.7125,0.05
-0.060163,-0.01039,0,-0.074289,0.6125,0.7125,0.05
-0.068078,-0.043205,0,-0.072429,0.6375,0.7125,0.05
-0.077372,-0.079168,0,-0.069055,0.6625,0.7125,0.05
-0.087809,-0.11838,0,-0.064004,0.6875,0.7125,0.05
-0.099005,-0.16075,0,-0.057189,0.7125,0.7125,0.05
-0.11039,-0.20595,0,-0.048616,0.7375,0.7125,0.05
-0.1211,-0.25323,0,-0.038367,0.7625,0.7125,0.05
-0.1299,-0.30119,0,-0.0267,0.7875,0.7125,0.05
-0.13523,-0.34737,0,-0.014099,0.8125,0.7125,0.05
-0.13525,-0.38791,0,-0.0012822,0.8375,0.7125,0.05
-0.12807,-0.41707,0,0.010753,0.8625,0.7125,0.05
-0.11228,-0.42698,0,0.020792,0.8875,0.7125,0.05
-0.087698,-0.40782,0,0.027611,0.9125,0.7125,0.05
-0.056236,-0.34928,0,0.030474,0.9375,0.7125,0.05
-0.023522,-0.24393,0,0.028654,0.9625,0.7125,0.05
-0.0038649,-0.09257,0,0.01883,0.9875,0.7125,0.05
-0.00094869,0.041462,0,-0.052174,0.0125,0.7375,0.05
-0.0062152,0.10915,0,-0.055016,0.0375,0.7375,0.05
-0.015571,0.16008,0,-0.055935,0.0625,0.7375,0.05
-0.025376,0.19582,0,-0.055955,0.0875,0.7375,0.05
-0.034068,0.21906,0,-0.055407,0.1125,0.7375,0.05
-0.040884,0.23256,0,-0.054521,0.1375,0.7375,0.05
-0.045529,0.2388,0,-0.053562,0.1625,0.7375,0.05
-0.048035,0.23976,0,-0.052751,0.1875,0.7375,0.05
-0.048613,0.23696,0,-0.052246,0.2125,0.7375,0.05
-0.047552,0.2315,0,-0.05215,0.2375,0.7375,0.05
-0.045163,0.22415,0,-0.052519,0.2625,0.7375,0.05
-0.041753,0.21543,0,-0.053369,0.2875,0.7375,0.05
-0.037612,0.20566,0,-0.05469,0.3125,0.7375,0.05
-0.033014,0.19501,0,-0.056447,0.3375,0.7375,0.05
-0.02822,0.18356,0,-0.058591,0.3625,0.7375,0.05
-0.02347,0.17128,0,-0.061042,0.3875,0.7375,0.05
-0.018997,0.15809,0,-0.063719,0.4125,0.7375,0.05
-0.015025,0.14386,0,-0.066525,0.4375,0.7375,0.05
-0.011771,0.12841,0,-0.069336,0.4625,0.7375,0.05
-0.0094447,0.11153,0,-0.07201,0.4875,0.7375,0.05
-0.0082541,0.092987,0,-0.074389,0.5125,0.7375,0.05
-0.0084052,0.072509,0,-0.0763,0.5375,0.7375,0.05
-0.010092,0.049816,0,-0.077542,0.5625,0.7375,0.05
-0.013486,0.02459,0,-0.077906,0.5875,0.7375,0.05
-0.018877,-0.0035103,0,-0.077295,0.6125,0.7375,0.05
-0.02609,-0.034667,0,-0.075459,0.6375,0.7375,0.05
-0.035271,-0.069049,0,-0.072038,0.6625,0.7375,0.05
-0.04634,-0.1069,0,-0.066791,0.6875,0.7375,0.05
-0.059048,-0.14834,0,-0.059598,0.7125,0.7375,0.05
-0.072971,-0.19325,0,-0.050442,0.7375,0.7375,0.05
-0.087375,-0.24128,0,-0.039313,0.7625,0.7375,0.05
-0.10106,-0.29144,0,-0.0264,0.7875,0.7375,0.05
-0.11235,-0.34163,0,-0.012185,0.8125,0.7375,0.05
-0.11912,-0.38831,0,0.0026425,0.8375,0.7375,0.05
-0.11889,-0.42561,0,0.017011,0.8625,0.7375,0.05
-0.10941,-0.44491,0,0.029538,0.8875,0.7375,0.05
-0.089475,-0.43459,0,0.038705,0.9125,0.7375,0.05
-0.060001,-0.38108,0,0.043433,0.9375,0.7375,0.05
-0.026303,-0.27252,0,0.042624,0.9625,0.7375,0.05
-0.0046144,-0.10597,0,0.032207,0.9875,0.7375,0.05
-0.0013496,0.0452,0,-0.058137,0.0125,0.7625,0.05
-0.0081563,0.11769,0,-0.061676,0.0375,0.7625,0.05
-0.019518,0.17028,0,-0.062478,0.0625,0.7625,0.05
-0.030542,0.20539,0,-0.061998,0.0875,0.7625,0.05
-0.039386,0.2267,0,-0.060744,0.1125,0.7625,0.05
-0.045347,0.23776,0,-0.059062,0.1375,0.7625,0.05
-0.048307,0.2415,0,-0.057313,0.1625,0.7625,0.05
-0.048505,0.24018,0,-0.05578,0.1875,0.7625,0.05
-0.04634,0.23542,0,-0.054655,0.2125,0.7625,0.05
-0.042255,0.22836,0,-0.054053,0.2375,0.7625,0.05
-0.036675,0.21976,0,-0.054028,0.2625,0.7625,0.05
-0.029989,0.21013,0,-0.054587,0.2875,0.7625,0.05
-0.022553,0.19975,0,-0.055715,0.3125,0.7625,0.05
-0.014679,0.18879,0,-0.057355,0.3375,0.7625,0.05
-0.0066749,0.17729,0,-0.059463,0.3625,0.7625,0.05
0.0012078,0.16519,0,-0.061948,0.3875,0.7625,0.05
0.0086931,0.15242,0,-0.064697,0.4125,0.7625,0.05
0.015551,0.13886,0,-0.067605,0.4375,0.7625,0.05
0.021567,0.12429,0,-0.07054,0.4625,0.7625,0.05
0.026525,0.10852,0,-0.073351,0.4875,0.7625,0.05
0.030203,0.091291,0,-0.075867,0.5125,0.7625,0.05
0.032379,0.072355,0,-0.077903,0.5375,0.7625,0.05
0.032828,0.051424,0,-0.079251,0.5625,0.7625,0.05
0.031335,0.028175,0,-0.079688,0.5875,0.7625,0.05
0.027641,0.0022394,0,-0.079022,0.6125,0.7625,0.05
0.021512,-0.026683,0,-0.077062,0.6375,0.7625,0.05
0.012986,-0.058792,0,-0.073491,0.6625,0.7625,0.05
0.0018743,-0.094512,0,-0.068,0.6875,0.7625,0.05
-0.011805,-0.13414,0,-0.060447,0.7125,0.7625,0.05
-0.027763,-0.17763,0,-0.05069,0.7375,0.7625,0.05
-0.045494,-0.22513,0,-0.03862,0.7625,0.7625,0.05
-0.063976,-0.27618,0,-0.024374,0.7875,0.7625,0.05
-0.081547,-0.32922,0,-0.0084195,0.8125,0.7625,0.05
-0.095884,-0.3813,0,0.0086637,0.8375,0.7625,0.05
-0.10395,-0.42674,0,0.025708,0.8625,0.7625,0.05
-0.10256,-0.45649,0,0.041191,0.8875,0.7625,0.05
-0.08922,-0.45725,0,0.053273,0.9125,0.7625,0.05
-0.063399,-0.41184,0,0.060451,0.9375,0.7625,0.05
-0.029546,-0.30274,0,0.061121,0.9625,0.7625,0.05
-0.0056356,-0.12116,0,0.05026,0.9875,0.7625,0.05
-0.002036,0.050278,0,-0.065121,0.0125,0.7875,0.05
-0.01112,0.12851,0,-0.069585,0.0375,0.7875,0.05
-0.025142,0.18229,0,-0.070085,0.0625,0.7875,0.05
-0.037532,0.21566,0,-0.068781,0.0875,0.7875,0.05
-0.046242,0.23386,0,-0.066475,0.1125,0.7875,0.05
-0.050792,0.24145,0,-0.06368,0.1375,0.7875,0.05
-0.051378,0.24193,0,-0.060881,0.1625,0.7875,0.05
-0.048541,0.23777,0,-0.058425,0.1875,0.7875,0.05
-0.042925,0.23069,0,-0.056534,0.2125,0.7875,0.05
-0.035158,0.22182,0,-0.055325,0.2375,0.7875,0.05
-0.025791,0.21188,0,-0.05484,0.2625,0.7875,0.05
-0.015296,0.20131,0,-0.055064,0.2875,0.7875,0.05
-0.004104,0.19036,0,-0.055981,0.3125,0.7875,0.05
0.0074443,0.17911,0,-0.057509,0.3375,0.7875,0.05
0.018938,0.16767,0,-0.059563,0.3625,0.7875,0.05
0.030142,0.15592,0,-0.062068,0.3875,0.7875,0.05
0.040804,0.14374,0,-0.064888,0.4125,0.7875,0.05
0.0507,0.13097,0,-0.067888,0.4375,0.7875,0.05
0.059616,0.11742,0,-0.070926,0.4625,0.7875,0.05
0.067329,0.10288,0,-0.073838,0.4875,0.7875,0.05
0.073614,0.08712,0,-0.076443,0.5125,0.7875,0.05
0.078236,0.06988,0,-0.078538,0.5375,0.7875,0.05
0.080948,0.050885,0,-0.079905,0.5625,0.7875,0.05
0.0815,0.029819,0,-0.0803,0.5875,0.7875,0.05
0.079624,0.0063235,0,-0.079479,0.6125,0.7875,0.05
0.074944,-0.01996,0,-0.077274,0.6375,0.7875,0.05
0.067445,-0.049294,0,-0.07339,0.6625,0.7875,0.05
0.056814,-0.082038,0,-0.067501,0.6875,0.7875,0.05
0.042882,-0.11859,0,-0.059398,0.7125,0.7875,0.05
0.025646,-0.15935,0,-0.048838,0.7375,0.7875,0.05
0.0052852,-0.20487,0,-0.035745,0.7625,0.7875,0.05
-0.01763,-0.25539,0,-0.020242,0.7875,0.7875,0.05
-0.041479,-0.30967,0,-0.002457,0.8125,0.7875,0.05
-0.064008,-0.36585,0,0.017147,0.8375,0.7875,0.05
-0.081679,-0.41885,0,0.037294,0.8625,0.7875,0.05
-0.090379,-0.4597,0,0.056364,0.8875,0.7875,0.05
-0.08602,-0.47374,0,0.072155,0.9125,0.7875,0.05
-0.06611,-0.44009,0,0.082627,0.9375,0.7875,0.05
-0.03345,-0.33421,0,0.085461,0.9625,0.7875,0.05
-0.0071141,-0.13859,0,0.074497,0.9875,0.7875,0.05
-0.0032345,0.057461,0,-0.073849,0.0125,0.8125,0.05
-0.015616,0.14246,0,-0.079412,0.0375,0.8125,0.05
-0.032894,0.19644,0,-0.07922,0.0625,0.8125,0.05
-0.04645,0.22643,0,-0.076547,0.0875,0.8125,0.05
-0.054272,0.23994,0,-0.072669,0.1125,0.8125,0.05
-0.056386,0.24284,0,-0.068333,0.1375,0.8125,0.05
-0.053502,0.2392,0,-0.06416,0.1625,0.8125,0.05
-0.046573,0.23169,0,-0.060558,0.1875,0.8125,0.05
-0.036543,0.222,0,-0.057754,0.2125,0.8125,0.05
-0.024244,0.21121,0,-0.055855,0.2375,0.8125,0.05
-0.010358,0.19989,0,-0.054868,0.2625,0.8125,0.05
0.0045771,0.1884,0,-0.054752,0.2875,0.8125,0.05
0.019949,0.17702,0,-0.055436,0.3125,0.8125,0.05
0.03539,0.16576,0,-0.056856,0.3375,0.8125,0.05
0.050586,0.15457,0,-0.058882,0.3625,0.8125,0.05
0.065288,0.14332,0,-0.061403,0.3875,0.8125,0.05
0.079262,0.13187,0,-0.064278,0.4125,0.8125,0.05
0.092294,0.12005,0,-0.067357,0.4375,0.8125,0.05
0.10418,0.10767,0,-0.070481,0.4625,0.8125,0.05
0.1147,0.094522,0,-0.073471,0.4875,0.8125,0.05
0.12363,0.080384,0,-0.076131,0.5125,0.8125,0.05
0.13073,0.065015,0,-0.078245,0.5375,0.8125,0.05
0.13574,0.048153,0,-0.079577,0.5625,0.8125,0.05
0.13839,0.029503,0,-0.079866,0.5875,0.8125,0.05
0.13839,0.008729,0,-0.078838,0.6125,0.8125,0.05
0.13532,-0.01455,0,-0.076294,0.6375,0.8125,0.05
0.12901,-0.040648,0,-0.071937,0.6625,0.8125,0.05
0.11908,-0.069917,0,-0.065411,0.6875,0.8125,0.05
0.10522,-0.1028,0,-0.056465,0.7125,0.8125,0.05
0.087238,-0.13984,0,-0.044885,0.7375,0.8125,0.05
0.065056,-0.18174,0,-0.03058,0.7625,0.8125,0.05
0.038833,-0.22916,0,-0.013519,0.7875,0.8125,0.05
0.0093621,-0.28247,0,0.0063482,0.8125,0.8125,0.05
-0.021564,-0.34103,0,0.028496,0.8375,0.8125,0.05
-0.049954,-0.40027,0,0.052157,0.8625,0.8125,0.05
-0.070868,-0.45217,0,0.075621,0.8875,0.8125,0.05
-0.078418,-0.48144,0,0.096268,0.9125,0.8125,0.05
-0.067492,-0.46368,0,0.11132,0.9375,0.8125,0.05
-0.038239,-0.36623,0,0.1174,0.9625,0.8125,0.05
-0.0093575,-0.15895,0,0.10712,0.9875,0.8125,0.05
-0.0053657,0.067984,0,-0.085683,0.0125,0.8375,0.05
-0.022386,0.16051,0,-0.092224,0.0375,0.8375,0.05
-0.043103,0.21275,0,-0.090544,0.0625,0.8375,0.05
-0.056852,0.23689,0,-0.085588,0.0875,0.8375,0.05
-0.062199,0.24373,0,-0.079365,0.1125,0.8375,0.05
-0.06012,0.24059,0,-0.072911,0.1375,0.8375,0.05
-0.052087,0.23203,0,-0.066983,0.1625,0.8375,0.05
-0.039574,0.22076,0,-0.061997,0.1875,0.8375,0.05
-0.023861,0.20832,0,-0.058157,0.2125,0.8375,0.05
-0.0059866,0.1956,0,-0.055522,0.2375,0.8375,0.05
0.013257,0.18304,0,-0.054013,0.2625,0.8375,0.05
0.033004,0.17101,0,-0.053546,0.2875,0.8375,0.05
0.052839,0.15952,0,-0.05404,0.3125,0.8375,0.05
0.072413,0.14848,0,-0.055367,0.3375,0.8375,0.05
0.091447,0.13778,0,-0.057379,0.3625,0.8375,0.05
0.10972,0.12725,0,-0.059931,0.3875,0.8375,0.05
0.12701,0.11674,0,-0.062869,0.4125,0.8375,0.05
0.14315,0.10606,0,-0.066027,0.4375,0.8375,0.05
0.15794,0.095023,0,-0.069228,0.4625,0.8375,0.05
0.17118,0.083438,0,-0.072279,0.4875,0.8375,0.05
0.18265,0.071093,0,-0.074969,0.5125,0.8375,0.05
0.19212,0.057769,0,-0.077068,0.5375,0.8375,0.05
0.19934,0.043226,0,-0.078322,0.5625,0.8375,0.05
0.20401,0.027199,0,-0.078453,0.5875,0.8375,0.05
0.20582,0.0093861,0,-0.077162,0.6125,0.8375,0.05
0.20434,-0.010575,0,-0.0742,0.6375,0.8375,0.05
0.19926,-0.033008,0,-0.069261,0.6625,0.8375,0.05
0.19014,-0.058245,0,-0.061992,0.6875,0.8375,0.05
0.17656,-0.086759,0,-0.052094,0.7125,0.8375,0.05
0.15811,-0.11919,0,-0.039307,0.7375,0.8375,0.05
0.1345,-0.15638,0,-0.02344,0.7625,0.8375,0.05
0.10555,-0.19935,0,-0.0043705,0.7875,0.8375,0.05
0.071557,-0.24906,0,0.017905,0.8125,0.8375,0.05
0.033565,-0.30606,0,0.043121,0.8375,0.8375,0.05
-0.0059488,-0.3692,0,0.070769,0.8625,0.8375,0.05
-0.041067,-0.43116,0,0.09942,0.8875,0.8375,0.05
-0.063971,-0.47693,0,0.12649,0.9125,0.8375,0.05
-0.066211,-0.4795,0,0.14814,0.9375,0.8375,0.05
-0.044001,-0.39744,0,0.15934,0.9625,0.8375,0.05
-0.012813,-0.18326,0,0.15154,0.9875,0.8375,0.05
-0.0091675,0.083827,0,-0.10327,0.0125,0.8625,0.05
-0.032371,0.18349,0,-0.10969,0.0375,0.8625,0.05
-0.055476,0.23032,0,-0.10492,0.0625,0.8625,0.05
-0.066904,0.2452,0,-0.096161,0.0875,0.8625,0.05
-0.066811,0.24304,0,-0.086461,0.1125,0.8625,0.05
-0.057709,0.23256,0,-0.077149,0.1375,0.8625,0.05
-0.042102,0.21854,0,-0.069062,0.1625,0.8625,0.05
-0.022022,0.20338,0,-0.062489,0.1875,0.8625,0.05
0.00092162,0.18832,0,-0.057544,0.2125,0.8625,0.05
0.025381,0.17407,0,-0.054128,0.2375,0.8625,0.05
0.050338,0.16091,0,-0.052122,0.2625,0.8625,0.05
0.075238,0.1488,0,-0.051378,0.2875,0.8625,0.05
0.099698,0.1376,0,-0.051736,0.3125,0.8625,0.05
0.12343,0.12715,0,-0.053021,0.3375,0.8625,0.05
0.14622,0.11727,0,-0.055057,0.3625,0.8625,0.05
0.16789,0.10775,0,-0.057674,0.3875,0.8625,0.05
0.18829,0.098433,0,-0.060697,0.4125,0.8625,0.05
0.20726,0.089124,0,-0.063943,0.4375,0.8625,0.05
0.22465,0.079645,0,-0.067221,0.4625,0.8625,0.05
0.24028,0.069812,0,-0.070324,0.4875,0.8625,0.05
0.25396,0.059439,0,-0.073028,0.5125,0.8625,0.05
0.26547,0.04833,0,-0.075087,0.5375,0.8625,0.05
0.27457,0.036278,0,-0.076232,0.5625,0.8625,0.05
0.28095,0.023057,0,-0.076168,0.5875,0.8625,0.05
0.28431,0.0084061,0,-0.074572,0.6125,0.8625,0.05
0.28423,-0.0079837,0,-0.071136,0.6375,0.8625,0.05
0.28026,-0.026402,0,-0.065555,0.6625,0.8625,0.05
0.27193,-0.047156,0,-0.057494,0.6875,0.8625,0.05
0.2587,-0.070706,0,-0.046598,0.7125,0.8625,0.05
0.24005,-0.097715,0,-0.03253,0.7375,0.8625,0.05
0.21541,-0.12912,0,-0.014988,0.7625,0.8625,0.05
0.18432,-0.16614,0,0.0062849,0.7875,0.8625,0.05
0.14652,-0.21028,0,0.031448,0.8125,0.8625,0.05
0.10235,-0.26306,0,0.060467,0.8375,0.8625,0.05
0.053319,-0.32508,0,0.09296,0.8625,0.8625,0.05
0.0033752,-0.39359,0,0.12799,0.8875,0.8625,0.05
-0.038552,-0.45586,0,0.16338,0.9125,0.8625,0.05
-0.059497,-0.48292,0,0.19484,0.9375,0.8625,0.05
-0.050202,-0.42514,0,0.21457,0.9625,0.8625,0.05
-0.01793,-0.2128,0,0.21316,0.9875,0.8625,0.05
-0.015709,0.10803,0,-0.13189,0.0125,0.8875,0.05
-0.046214,0.21116,0,-0.13444,0.0375,0.8875,0.05
-0.067704,0.24636,0,-0.12327,0.0625,0.8875,0.05
-0.071478,0.24765,0,-0.10821,0.0875,0.8875,0.05
-0.060893,0.23425,0,-0.093473,0.1125,0.8875,0.05
-0.040571,0.21565,0,-0.080462,0.1375,0.8875,0.05
-0.014241,0.19618,0,-0.06987,0.1625,0.8875,0.05
0.015778,0.17756,0,-0.061625,0.1875,0.8875,0.05
0.046942,0.16091,0,-0.055504,0.2125,0.8875,0.05
0.078341,0.14617,0,-0.051415,0.2375,0.8875,0.05
0.10923,0.13317,0,-0.049049,0.2625,0.8875,0.05
0.13921,0.12165,0,-0.048144,0.2875,0.8875,0.05
0.168,0.11133,0,-0.048468,0.3125,0.8875,0.05
0.19546,0.10196,0,-0.049798,0.3375,0.8875,0.05
0.22146,0.093319,0,-0.051929,0.3625,0.8875,0.05
0.24591,0.085186,0,-0.054664,0.3875,0.8875,0.05
0.26873,0.077372,0,-0.057809,0.4125,0.8875,0.05
0.28983,0.069702,0,-0.061168,0.4375,0.8875,0.05
0.3091,0.062008,0,-0.064537,0.4625,0.8875,0.05
0.3264,0.054128,0,-0.067697,0.4875,0.8875,0.05
0.34159,0.045901,0,-0.070414,0.5125,0.8875,0.05
0.35445,0.037166,0,-0.072427,0.5375,0.8875,0.05
0.36478,0.027753,0,-0.073456,0.5625,0.8875,0.05
0.37229,0.017478,0,-0.073188,0.5875,0.8875,0.05
0.37666,0.0061376,0,-0.07128,0.6125,0.8875,0.05
0.37752,-0.0065036,0,-0.067368,0.6375,0.8875,0.05
0.37433,-0.020672,0,-0.061158,0.6625,0.8875,0.05
0.36662,-0.036637,0,-0.052336,0.6875,0.8875,0.05
0.35379,-0.054812,0,-0.040491,0.7125,0.8875,0.05
0.33518,-0.075815,0,-0.025195,0.7375,0.8875,0.05
0.31008,-0.10055,0,-0.0060246,0.7625,0.8875,0.05
0.27767,-0.13032,0,0.017449,0.7875,0.8875,0.05
0.23718,-0.16691,0,0.04564,0.8125,0.8875,0.05
0.1881,-0.21259,0,0.078883,0.8375,0.8875,0.05
0.13076,-0.26963,0,0.11728,0.8625,0.8875,0.05
0.067482,-0.3385,0,0.16039,0.8875,0.8875,0.05
0.0048718,-0.41298,0,0.20669,0.9125,0.8875,0.05
-0.04159,-0.46713,0,0.25283,0.9375,0.8875,0.05
-0.054465,-0.44402,0,0.2874,0.9625,0.8875,0.05
-0.02458,-0.24895,0,0.30027,0.9875,0.8875,0.05
-0.025647,0.14504,0,-0.18182,0.0125,0.9125,0.05
-0.062003,0.23959,0,-0.17025,0.0375,0.9125,0.05
-0.071478,0.254,0,-0.14623,0.0625,0.9125,0.05
-0.057736,0.23747,0,-0.12099,0.0875,0.9125,0.05
-0.029076,0.21175,0,-0.099301,0.1125,0.9125,0.05
0.0078677,0.18548,0,-0.081919,0.1375,0.9125,0.05
0.047935,0.16214,0,-0.068474,0.1625,0.9125,0.05
0.088466,0.14232,0,-0.058576,0.1875,0.9125,0.05
0.12804,0.12574,0,-0.051603,0.2125,0.9125,0.05
0.16601,0.11184,0,-0.047097,0.2375,0.9125,0.05
0.20205,0.10011,0,-0.044599,0.2625,0.9125,0.05
0.23602,0.090091,0,-0.043732,0.2875,0.9125,0.05
0.26791,0.081407,0,-0.044186,0.3125,0.9125,0.05
0.29773,0.073746,0,-0.045693,0.3375,0.9125,0.05
0.32553,0.066853,0,-0.04802,0.3625,0.9125,0.05
0.35133,0.060513,0,-0.050949,0.3875,0.9125,0.05
0.37515,0.054544,0,-0.054273,0.4125,0.9125,0.05
0.39697,0.048787,0,-0.057788,0.4375,0.9125,0.05
0.41675,0.0431,0,-0.06128,0.4625,0.9125,0.05
0.43441,0.03735,0,-0.064524,0.4875,0.9125,0.05
0.44984,0.031411,0,-0.067276,0.5125,0.9125,0.05
0.4629,0.025158,0,-0.06927,0.5375,0.9125,0.05
0.47337,0.018465,0,-0.070212,0.5625,0.9125,0.05
0.48103,0.011198,0,-0.06978,0.5875,0.9125,0.05
0.48558,0.0032129,0,-0.067608,0.6125,0.9125,0.05
0.48668,-0.0056316,0,-0.063297,0.6375,0.9125,0.05
0.48377,-0.015488,0,-0.056584,0.6625,0.9125,0.05
0.47642,-0.02658,0,-0.04716,0.6875,0.9125,0.05
0.46403,-0.039241,0,-0.034554,0.7125,0.9125,0.05
0.4459,-0.053976,0,-0.018252,0.7375,0.9125,0.05
0.42117,-0.071557,0,0.0022968,0.7625,0.9125,0.05
0.38878,-0.093163,0,0.027717,0.7875,0.9125,0.05
0.34746,-0.12058,0,0.058733,0.8125,0.9125,0.05
0.29582,-0.15639,0,0.096178,0.8375,0.9125,0.05
0.2327,-0.20402,0,0.14094,0.8625,0.9125,0.05
0.15823,-0.2669,0,0.19378,0.8875,0.9125,0.05
0.07643,-0.34483,0,0.25485,0.9125,0.9125,0.05
-0.0005219,-0.42247,0,0.32177,0.9375,0.9125,0.05
-0.050018,-0.44453,0,0.38148,0.9625,0.9125,0.05
-0.030467,-0.29295,0,0.42556,0.9875,0.9125,0.05
-0.03518,0.20121,0,-0.27393,0.0125,0.9375,0.05
-0.067461,0.25668,0,-0.21849,0.0375,0.9375,0.05
-0.041494,0.23847,0,-0.17252,0.0625,0.9375,0.05
0.0049721,0.20244,0,-0.13273,0.0875,0.9375,0.05
0.060081,0.16721,0,-0.10205,0.1125,0.9375,0.05
0.11604,0.13813,0,-0.079735,0.1375,0.9375,0.05
0.1695,0.1152,0,-0.063872,0.1625,0.9375,0.05
0.2192,0.097292,0,-0.052869,0.1875,0.9375,0.05
0.26486,0.083249,0,-0.045547,0.2125,0.9375,0.05
0.30663,0.072103,0,-0.041069,0.2375,0.9375,0.05
0.3448,0.063119,0,-0.038794,0.2625,0.9375,0.05
0.37968,0.05575,0,-0.038237,0.2875,0.9375,0.05
0.41159,0.049583,0,-0.039029,0.3125,0.9375,0.05
0.4408,0.044309,0,-0.040871,0.3375,0.9375,0.05
0.46753,0.039689,0,-0.043511,0.3625,0.9375,0.05
0.49196,0.03554,0,-0.046722,0.3875,0.9375,0.05
0.5142,0.031712,0,-0.050295,0.4125,0.9375,0.05
0.53432,0.028085,0,-0.05402,0.4375,0.9375,0.05
0.55236,0.024553,0,-0.057684,0.4625,0.9375,0.05
0.5683,0.021024,0,-0.061058,0.4875,0.9375,0.05
0.58207,0.017414,0,-0.063896,0.5125,0.9375,0.05
0.59359,0.013642,0,-0.065928,0.5375,0.9375,0.05
0.60268,0.0096282,0,-0.066857,0.5625,0.9375,0.05
0.60917,0.0052885,0,-0.06635,0.5875,0.9375,0.05
0.61283,0.00053785,0,-0.06402,0.6125,0.9375,0.05
0.6133,-0.0046602,0,-0.059487,0.6375,0.9375,0.05
0.61017,-0.010405,0,-0.052527,0.6625,0.9375,0.05
0.60306,-0.016861,0,-0.042785,0.6875,0.9375,0.05
0.59143,-0.024251,0,-0.029749,0.7125,0.9375,0.05
0.57462,-0.032909,0,-0.012841,0.7375,0.9375,0.05
0.55175,-0.043375,0,0.0086027,0.7625,0.9375,0.05
0.52162,-0.056523,0,0.035398,0.7875,0.9375,0.05
0.48264,-0.073788,0,0.068601,0.8125,0.9375,0.05
0.43264,-0.097509,0,0.10962,0.8375,0.9375,0.05
0.36894,-0.13137,0,0.16035,0.8625,0.9375,0.05
0.28889,-0.18063,0,0.22348,0.8875,0.9375,0.05
0.19241,-0.25058,0,0.30246,0.9125,0.9375,0.05
0.085382,-0.33858,0,0.39742,0.9375,0.9375,0.05
-0.01956,-0.41088,0,0.49529,0.9625,0.9375,0.05
-0.026063,-0.33968,0,0.61652,0.9875,0.9375,0.05
-0.013027,0.26511,0,-0.46592,0.0125,0.9625,0.05
-0.011327,0.23762,0,-0.26859,0.0375,0.9625,0.05
0.091583,0.17649,0,-0.19132,0.0625,0.9625,0.05
0.18179,0.1308,0,-0.13415,0.0875,0.9625,0.05
0.26155,0.097392,0,-0.095352,0.1125,0.9625,0.05
0.33066,0.073672,0,-0.07017,0.1375,0.9625,0.05
0.38975,0.057093,0,-0.0538,0.1625,0.9625,0.05
0.44026,0.045406,0,-0.043199,0.1875,0.9625,0.05
0.48375,0.037002,0,-0.036604,0.2125,0.9625,0.05
0.52151,0.030811,0,-0.032924,0.2375,0.9625,0.05
0.55459,0.02613,0,-0.031415,0.2625,0.9625,0.05
0.58381,0.022493,0,-0.031556,0.2875,0.9625,0.05
0.60978,0.019585,0,-0.032964,0.3125,0.9625,0.05
0.633,0.01719,0,-0.035344,0.3375,0.9625,0.05
0.6538,0.015156,0,-0.03845,0.3625,0.9625,0.05
0.67248,0.013373,0,-0.042067,0.3875,0.9625,0.05
0.6892,0.01176,0,-0.045991,0.4125,0.9625,0.05
0.7041,0.010252,0,-0.050022,0.4375,0.9625,0.05
0.71725,0.0087986,0,-0.053952,0.4625,0.9625,0.05
0.72868,0.0073565,0,-0.057556,0.4875,0.9625,0.05
0.73836,0.0058875,0,-0.060594,0.5125,0.9625,0.05
0.74624,0.0043562,0,-0.062799,0.5375,0.9625,0.05
0.75222,0.0027281,0,-0.063873,0.5625,0.9625,0.05
0.75616,0.00097167,0,-0.063478,0.5875,0.9625,0.05
0.75793,-0.00092392,0,-0.061179,0.6125,0.9625,0.05
0.75721,-0.0029662,0,-0.056768,0.6375,0.9625,0.05
0.75379,-0.0052091,0,-0.049949,0.6625,0.9625,0.05
0.7474,-0.0077323,0,-0.040317,0.6875,0.9625,0.05
0.73764,-0.010631,0,-0.027356,0.7125,0.9625,0.05
0.72397,-0.014052,0,-0.010469,0.7375,0.9625,0.05
0.70566,-0.018243,0,0.011071,0.7625,0.9625,0.05
0.68166,-0.023643,0,0.0382,0.7875,0.9625,0.05
0.65038,-0.03105,0,0.07221,0.8125,0.9625,0.05
0.60941,-0.041951,0,0.11498,0.8375,0.9625,0.05
0.55503,-0.059138,0,0.16941,0.8625,0.9625,0.05
0.48196,-0.08768,0,0.24033,0.8875,0.9625,0.05
0.38426,-0.13568,0,0.33567,0.9125,0.9625,0.05
0.25496,-0.21241,0,0.46287,0.9375,0.9625,0.05
0.083523,-0.31515,0,0.62493,0.9625,0.9625,0.05
0.026636,-0.34782,0,0.93745,0.9875,0.9625,0.05
0.24035,0.16193,0,-0.88343,0.0125,0.9875,0.05
0.32166,0.12192,0,-0.31326,0.0375,0.9875,0.05
0.48764,0.076856,0,-0.15843,0.0625,0.9875,0.05
0.595,0.048931,0,-0.094228,0.0875,0.9875,0.05
0.66577,0.031423,0,-0.057577,0.1125,0.9875,0.05
0.71626,0.020446,0,-0.037092,0.1375,0.9875,0.05
0.7537,0.013681,0,-0.026083,0.1625,0.9875,0.05
0.78227,0.0095137,0,-0.020235,0.1875,0.9875,0.05
0.80475,0.0069033,0,-0.01746,0.2125,0.9875,0.05
0.82298,0.005223,0,-0.016772,0.2375,0.9875,0.05
0.83814,0.004104,0,-0.017611,0.2625,0.9875,0.05
0.851,0.0033279,0,-0.01961,0.2875,0.9875,0.05
0.86208,0.0027643,0,-0.02251,0.3125,0.9875,0.05
0.87172,0.0023341,0,-0.026111,0.3375,0.9875,0.05
0.88018,0.0019887,0,-0.030241,0.3625,0.9875,0.05
0.88762,0.001697,0,-0.034736,0.3875,0.9875,0.05
0.89415,0.0014382,0,-0.039433,0.4125,0.9875,0.05
0.89985,0.0011981,0,-0.044163,0.4375,0.9875,0.05
0.90476,0.00096604,0,-0.048742,0.4625,0.9875,0.05
0.90889,0.00073372,0,-0.052967,0.4875,0.9875,0.05
0.91224,0.00049416,0,-0.056613,0.5125,0.9875,0.05
0.91478,0.00024088,0,-0.059428,0.5375,0.9875,0.05
0.91646,-3.2702e-05,0,-0.061123,0.5625,0.9875,0.05
0.91723,-0.00032901,0,-0.061372,0.5875,0.9875,0.05
0.91701,-0.00063156,0,-0.059863,0.6125,0.9875,0.05
0.91572,-0.00095312,0,-0.05629,0.6375,0.9875,0.05
0.91329,-0.0013065,0,-0.050372,0.6625,0.9875,0.05
0.90959,-0.0017067,0,-0.041727,0.6875,0.9875,0.05
0.90445,-0.0021695,0,-0.029885,0.7125,0.9875,0.05
0.89762,-0.0027199,0,-0.0143,0.7375,0.9875,0.05
0.88878,-0.003406,0,0.0056908,0.7625,0.9875,0.05
0.8774,-0.0043246,0,0.03094,0.7875,0.9875,0.05
0.86264,-0.0056766,0,0.06265,0.8125,0.9875,0.05
0.84298,-0.007899,0,0.1027,0.8375,0.9875,0.05
0.81564,-0.011959,0,0.1544,0.8625,0.9875,0.05
0.77536,-0.019957,0,0.22425,0.8875,0.9875,0.05
0.71249,-0.036175,0,0.32517,0.9125,0.9875,0.05
0.60453,-0.06861,0,0.47939,0.9375,0.9875,0.05
0.40429,-0.12763,0,0.74775,0.9625,0.9875,0.05
0.27591,-0.17852,0,1.4441,0.9875,0.9875,0.05
