"U:0","U:1","U:2","p","vtkValidPointMask","arc_length","Points:0","Points:1","Points:2"
-0.0095817,2.6379e-05,0,0.0028961,1,0,0.5,0,0.1
-0.0099215,2.8514e-05,0,0.0028969,1,0.001,0.5,0.001,0.1
-0.010261,3.0648e-05,0,0.0028977,1,0.002,0.5,0.002,0.1
-0.010601,3.2782e-05,0,0.0028985,1,0.003,0.5,0.003,0.1
-0.010941,3.4917e-05,0,0.0028993,1,0.004,0.5,0.004,0.1
-0.011281,3.7051e-05,0,0.0029001,1,0.005,0.5,0.005,0.1
-0.01162,3.9185e-05,0,0.0029009,1,0.006,0.5,0.006,0.1
-0.01196,4.132e-05,0,0.0029017,1,0.007,0.5,0.007,0.1
-0.0123,4.3454e-05,0,0.0029025,1,0.008,0.5,0.008,0.1
-0.01264,4.5588e-05,0,0.0029033,1,0.009,0.5,0.009,0.1
-0.012979,4.7723e-05,0,0.0029041,1,0.01,0.5,0.01,0.1
-0.013319,4.9857e-05,0,0.0029049,1,0.011,0.5,0.011,0.1
-0.013659,5.1991e-05,0,0.0029057,1,0.012,0.5,0.012,0.1
-0.013999,5.4126e-05,0,0.0029065,1,0.013,0.5,0.013,0.1
-0.014338,5.626e-05,0,0.0029073,1,0.014,0.5,0.014,0.1
-0.014678,5.8394e-05,0,0.0029081,1,0.015,0.5,0.015,0.1
-0.015018,6.0529e-05,0,0.0029089,1,0.016,0.5,0.016,0.1
-0.015358,6.2663e-05,0,0.0029097,1,0.017,0.5,0.017,0.1
-0.015697,6.4797e-05,0,0.0029105,1,0.018,0.5,0.018,0.1
-0.016037,6.6932e-05,0,0.0029113,1,0.019,0.5,0.019,0.1
-0.016377,6.9066e-05,0,0.0029121,1,0.02,0.5,0.02,0.1
-0.016717,7.12e-05,0,0.0029129,1,0.021,0.5,0.021,0.1
-0.017056,7.3335e-05,0,0.0029137,1,0.022,0.5,0.022,0.1
-0.017396,7.5469e-05,0,0.0029145,1,0.023,0.5,0.023,0.1
-0.017736,7.7603e-05,0,0.0029152,1,0.024,0.5,0.024,0.1
-0.018076,7.9737e-05,0,0.002916,1,0.025,0.5,0.025,0.1
-0.018722,8.538e-05,0,0.0029166,1,0.026,0.5,0.026,0.1
-0.019369,9.1022e-05,0,0.0029171,1,0.027,0.5,0.027,0.1
-0.020015,9.6664e-05,0,0.0029177,1,0.028,0.5,0.028,0.1
-0.020662,0.00010231,0,0.0029182,1,0.029,0.5,0.029,0.1
-0.021308,0.00010795,0,0.0029188,1,0.03,0.5,0.03,0.1
-0.021955,0.00011359,0,0.0029193,1,0.031,0.5,0.031,0.1
-0.022602,0.00011923,0,0.0029199,1,0.032,0.5,0.032,0.1
-0.023248,0.00012488,0,0.0029204,1,0.033,0.5,0.033,0.1
-0.023895,0.00013052,0,0.002921,1,0.034,0.5,0.034,0.1
-0.024541,0.00013616,0,0.0029215,1,0.035,0.5,0.035,0.1
-0.025188,0.0001418,0,0.0029221,1,0.036,0.5,0.036,0.1
-0.025835,0.00014744,0,0.0029226,1,0.037,0.5,0.037,0.1
-0.026481,0.00015309,0,0.0029232,1,0.038,0.5,0.038,0.1
-0.027128,0.00015873,0,0.0029237,1,0.039,0.5,0.039,0.1
-0.027774,0.00016437,0,0.0029243,1,0.04,0.5,0.04,0.1
-0.028421,0.00017001,0,0.0029248,1,0.041,0.5,0.041,0.1
-0.029068,0.00017565,0,0.0029254,1,0.042,0.5,0.042,0.1
-0.029714,0.0001813,0,0.0029259,1,0.043,0.5,0.043,0.1
-0.030361,0.00018694,0,0.0029265,1,0.044,0.5,0.044,0.1
-0.031007,0.00019258,0,0.002927,1,0.045,0.5,0.045,0.1
-0.031654,0.00019822,0,0.0029276,1,0.046,0.5,0.046,0.1
-0.0323,0.00020387,0,0.0029281,1,0.047,0.5,0.047,0.1
-0.032947,0.00020951,0,0.0029287,1,0.048,0.5,0.048,0.1
-0.033594,0.00021515,0,0.0029292,1,0.049,0.5,0.049,0.1
-0.03424,0.00022079,0,0.0029298,1,0.05,0.5,0.05,0.1
-0.034828,0.0002283,0,0.0029283,1,0.051,0.5,0.051,0.1
-0.035417,0.00023581,0,0.0029268,1,0.052,0.5,0.052,0.1
-0.036005,0.00024332,0,0.0029253,1,0.053,0.5,0.053,0.1
-0.036593,0.00025083,0,0.0029238,1,0.054,0.5,0.054,0.1
-0.037181,0.00025834,0,0.0029223,1,0.055,0.5,0.055,0.1
-0.037769,0.00026585,0,0.0029208,1,0.056,0.5,0.056,0.1
-0.038357,0.00027336,0,0.0029193,1,0.057,0.5,0.057,0.1
-0.038946,0.00028087,0,0.0029179,1,0.058,0.5,0.058,0.1
-0.039534,0.00028838,0,0.0029164,1,0.059,0.5,0.059,0.1
-0.040122,0.00029589,0,0.0029149,1,0.06,0.5,0.06,0.1
-0.04071,0.0003034,0,0.0029134,1,0.061,0.5,0.061,0.1
-0.041298,0.00031091,0,0.0029119,1,0.062,0.5,0.062,0.1
-0.041886,0.00031843,0,0.0029104,1,0.063,0.5,0.063,0.1
-0.042474,0.00032594,0,0.0029089,1,0.064,0.5,0.064,0.1
-0.043063,0.00033345,0,0.0029074,1,0.065,0.5,0.065,0.1
-0.043651,0.00034096,0,0.0029059,1,0.066,0.5,0.066,0.1
-0.044239,0.00034847,0,0.0029045,1,0.067,0.5,0.067,0.1
-0.044827,0.00035598,0,0.002903,1,0.068,0.5,0.068,0.1
-0.045415,0.00036349,0,0.0029015,1,0.069,0.5,0.069,0.1
-0.046003,0.000371,0,0.0029,1,0.07,0.5,0.07,0.1
-0.046592,0.00037851,0,0.0028985,1,0.071,0.5,0.071,0.1
-0.04718,0.00038602,0,0.002897,1,0.072,0.5,0.072,0.1
-0.047768,0.00039353,0,0.0028955,1,0.073,0.5,0.073,0.1
-0.048356,0.00040104,0,0.002894,1,0.074,0.5,0.074,0.1
-0.048944,0.00040855,0,0.0028925,1,0.075,0.5,0.075,0.1
-0.049487,0.00041708,0,0.0028888,1,0.076,0.5,0.076,0.1
-0.050031,0.00042561,0,0.002885,1,0.077,0.5,0.077,0.1
-0.050574,0.00043414,0,0.0028813,1,0.078,0.5,0.078,0.1
-0.051117,0.00044268,0,0.0028775,1,0.079,0.5,0.079,0.1
-0.05166,0.00045121,0,0.0028737,1,0.08,0.5,0.08,0.1
-0.052203,0.00045974,0,0.00287,1,0.081,0.5,0.081,0.1
-0.052746,0.00046827,0,0.0028662,1,0.082,0.5,0.082,0.1
-0.053289,0.0004768,0,0.0028625,1,0.083,0.5,0.083,0.1
-0.053833,0.00048534,0,0.0028587,1,0.084,0.5,0.084,0.1
-0.054376,0.00049387,0,0.0028549,1,0.085,0.5,0.085,0.1
-0.054919,0.0005024,0,0.0028512,1,0.086,0.5,0.086,0.1
-0.055462,0.00051093,0,0.0028474,1,0.087,0.5,0.087,0.1
-0.056005,0.00051946,0,0.0028437,1,0.088,0.5,0.088,0.1
-0.056548,0.000528,0,0.0028399,1,0.089,0.5,0.089,0.1
-0.057092,0.00053653,0,0.0028361,1,0.09,0.5,0.09,0.1
-0.057635,0.00054506,0,0.0028324,1,0.091,0.5,0.091,0.1
-0.058178,0.00055359,0,0.0028286,1,0.092,0.5,0.092,0.1
-0.058721,0.00056212,0,0.0028249,1,0.093,0.5,0.093,0.1
-0.059264,0.00057066,0,0.0028211,1,0.094,0.5,0.094,0.1
-0.059807,0.00057919,0,0.0028173,1,0.095,0.5,0.095,0.1
-0.06035,0.00058772,0,0.0028136,1,0.096,0.5,0.096,0.1
-0.060894,0.00059625,0,0.0028098,1,0.097,0.5,0.097,0.1
-0.061437,0.00060478,0,0.0028061,1,0.098,0.5,0.098,0.1
-0.06198,0.00061332,0,0.0028023,1,0.099,0.5,0.099,0.1
-0.062523,0.00062185,0,0.0027986,1,0.1,0.5,0.1,0.1
-0.063032,0.0006319,0,0.0027918,1,0.101,0.5,0.101,0.1
-0.063541,0.00064196,0,0.002785,1,0.102,0.5,0.102,0.1
-0.06405,0.00065201,0,0.0027783,1,0.103,0.5,0.103,0.1
-0.064559,0.00066207,0,0.0027715,1,0.104,0.5,0.104,0.1
-0.065069,0.00067213,0,0.0027648,1,0.105,0.5,0.105,0.1
-0.065578,0.00068218,0,0.002758,1,0.106,0.5,0.106,0.1
-0.066087,0.00069224,0,0.0027513,1,0.107,0.5,0.107,0.1
-0.066596,0.00070229,0,0.0027445,1,0.108,0.5,0.108,0.1
-0.067105,0.00071235,0,0.0027378,1,0.109,0.5,0.109,0.1
-0.067614,0.0007224,0,0.002731,1,0.11,0.5,0.11,0.1
-0.068123,0.00073246,0,0.0027243,1,0.111,0.5,0.111,0.1
-0.068632,0.00074252,0,0.0027175,1,0.112,0.5,0.112,0.1
-0.069141,0.00075257,0,0.0027108,1,0.113,0.5,0.113,0.1
-0.06965,0.00076263,0,0.002704,1,0.114,0.5,0.114,0.1
-0.070159,0.00077268,0,0.0026973,1,0.115,0.5,0.115,0.1
-0.070668,0.00078274,0,0.0026905,1,0.116,0.5,0.116,0.1
-0.071177,0.00079279,0,0.0026837,1,0.117,0.5,0.117,0.1
-0.071687,0.00080285,0,0.002677,1,0.118,0.5,0.118,0.1
-0.072196,0.00081291,0,0.0026702,1,0.119,0.5,0.119,0.1
-0.072705,0.00082296,0,0.0026635,1,0.12,0.5,0.12,0.1
-0.073214,0.00083302,0,0.0026567,1,0.121,0.5,0.121,0.1
-0.073723,0.00084307,0,0.00265,1,0.122,0.5,0.122,0.1
-0.074232,0.00085313,0,0.0026432,1,0.123,0.5,0.123,0.1
-0.074741,0.00086318,0,0.0026365,1,0.124,0.5,0.124,0.1
-0.07525,0.00087324,0,0.0026297,1,0.125,0.5,0.125,0.1
-0.075734,0.00088607,0,0.0026191,1,0.126,0.5,0.126,0.1
-0.076218,0.00089891,0,0.0026084,1,0.127,0.5,0.127,0.1
-0.076702,0.00091174,0,0.0025977,1,0.128,0.5,0.128,0.1
-0.077185,0.00092457,0,0.002587,1,0.129,0.5,0.129,0.1
-0.077669,0.00093741,0,0.0025764,1,0.13,0.5,0.13,0.1
-0.078153,0.00095024,0,0.0025657,1,0.131,0.5,0.131,0.1
-0.078637,0.00096307,0,0.002555,1,0.132,0.5,0.132,0.1
-0.079121,0.00097591,0,0.0025444,1,0.133,0.5,0.133,0.1
-0.079604,0.00098874,0,0.0025337,1,0.134,0.5,0.134,0.1
-0.080088,0.0010016,0,0.002523,1,0.135,0.5,0.135,0.1
-0.080572,0.0010144,0,0.0025124,1,0.136,0.5,0.136,0.1
-0.081056,0.0010272,0,0.0025017,1,0.137,0.5,0.137,0.1
-0.08154,0.0010401,0,0.002491,1,0.138,0.5,0.138,0.1
-0.082023,0.0010529,0,0.0024803,1,0.139,0.5,0.139,0.1
-0.082507,0.0010657,0,0.0024697,1,0.14,0.5,0.14,0.1
-0.082991,0.0010786,0,0.002459,1,0.141,0.5,0.141,0.1
-0.083475,0.0010914,0,0.0024483,1,0.142,0.5,0.142,0.1
-0.083958,0.0011042,0,0.0024377,1,0.143,0.5,0.143,0.1
-0.084442,0.0011171,0,0.002427,1,0.144,0.5,0.144,0.1
-0.084926,0.0011299,0,0.0024163,1,0.145,0.5,0.145,0.1
-0.08541,0.0011427,0,0.0024057,1,0.146,0.5,0.146,0.1
-0.085894,0.0011556,0,0.002395,1,0.147,0.5,0.147,0.1
-0.086377,0.0011684,0,0.0023843,1,0.148,0.5,0.148,0.1
-0.086861,0.0011812,0,0.0023737,1,0.149,0.5,0.149,0.1
-0.087345,0.0011941,0,0.002363,1,0.15,0.5,0.15,0.1
-0.08781,0.0012115,0,0.0023474,1,0.151,0.5,0.151,0.1
-0.088275,0.001229,0,0.0023317,1,0.152,0.5,0.152,0.1
-0.088741,0.0012465,0,0.0023161,1,0.153,0.5,0.153,0.1
-0.089206,0.0012639,0,0.0023005,1,0.154,0.5,0.154,0.1
-0.089671,0.0012814,0,0.0022849,1,0.155,0.5,0.155,0.1
-0.090136,0.0012989,0,0.0022692,1,0.156,0.5,0.156,0.1
-0.090601,0.0013163,0,0.0022536,1,0.157,0.5,0.157,0.1
-0.091067,0.0013338,0,0.002238,1,0.158,0.5,0.158,0.1
-0.091532,0.0013513,0,0.0022224,1,0.159,0.5,0.159,0.1
-0.091997,0.0013687,0,0.0022067,1,0.16,0.5,0.16,0.1
-0.092462,0.0013862,0,0.0021911,1,0.161,0.5,0.161,0.1
-0.092927,0.0014037,0,0.0021755,1,0.162,0.5,0.162,0.1
-0.093392,0.0014211,0,0.0021599,1,0.163,0.5,0.163,0.1
-0.093858,0.0014386,0,0.0021443,1,0.164,0.5,0.164,0.1
-0.094323,0.0014561,0,0.0021286,1,0.165,0.5,0.165,0.1
-0.094788,0.0014735,0,0.002113,1,0.166,0.5,0.166,0.1
-0.095253,0.001491,0,0.0020974,1,0.167,0.5,0.167,0.1
-0.095718,0.0015085,0,0.0020818,1,0.168,0.5,0.168,0.1
-0.096183,0.0015259,0,0.0020661,1,0.169,0.5,0.169,0.1
-0.096649,0.0015434,0,0.0020505,1,0.17,0.5,0.17,0.1
-0.097114,0.0015609,0,0.0020349,1,0.171,0.5,0.171,0.1
-0.097579,0.0015783,0,0.0020193,1,0.172,0.5,0.172,0.1
-0.098044,0.0015958,0,0.0020036,1,0.173,0.5,0.173,0.1
-0.098509,0.0016133,0,0.001988,1,0.174,0.5,0.174,0.1
-0.098975,0.0016307,0,0.0019724,1,0.175,0.5,0.175,0.1
-0.099426,0.0016552,0,0.0019506,1,0.176,0.5,0.176,0.1
-0.099877,0.0016797,0,0.0019289,1,0.177,0.5,0.177,0.1
-0.10033,0.0017041,0,0.0019071,1,0.178,0.5,0.178,0.1
-0.10078,0.0017286,0,0.0018854,1,0.179,0.5,0.179,0.1
-0.10123,0.0017531,0,0.0018636,1,0.18,0.5,0.18,0.1
-0.10168,0.0017775,0,0.0018419,1,0.181,0.5,0.181,0.1
-0.10213,0.001802,0,0.0018201,1,0.182,0.5,0.182,0.1
-0.10258,0.0018265,0,0.0017984,1,0.183,0.5,0.183,0.1
-0.10303,0.001851,0,0.0017766,1,0.184,0.5,0.184,0.1
-0.10349,0.0018754,0,0.0017549,1,0.185,0.5,0.185,0.1
-0.10394,0.0018999,0,0.0017331,1,0.186,0.5,0.186,0.1
-0.10439,0.0019244,0,0.0017114,1,0.187,0.5,0.187,0.1
-0.10484,0.0019488,0,0.0016896,1,0.188,0.5,0.188,0.1
-0.10529,0.0019733,0,0.0016679,1,0.189,0.5,0.189,0.1
-0.10574,0.0019978,0,0.0016461,1,0.19,0.5,0.19,0.1
-0.10619,0.0020222,0,0.0016244,1,0.191,0.5,0.191,0.1
-0.10664,0.0020467,0,0.0016026,1,0.192,0.5,0.192,0.1
-0.1071,0.0020712,0,0.0015809,1,0.193,0.5,0.193,0.1
-0.10755,0.0020956,0,0.0015591,1,0.194,0.5,0.194,0.1
-0.108,0.0021201,0,0.0015374,1,0.195,0.5,0.195,0.1
-0.10845,0.0021446,0,0.0015156,1,0.196,0.5,0.196,0.1
-0.1089,0.002169,0,0.0014939,1,0.197,0.5,0.197,0.1
-0.10935,0.0021935,0,0.0014721,1,0.198,0.5,0.198,0.1
-0.1098,0.002218,0,0.0014504,1,0.199,0.5,0.199,0.1
-0.11025,0.0022425,0,0.0014286,1,0.2,0.5,0.2,0.1
-0.11069,0.0022767,0,0.0013994,1,0.201,0.5,0.201,0.1
-0.11113,0.002311,0,0.0013703,1,0.202,0.5,0.202,0.1
-0.11157,0.0023452,0,0.0013411,1,0.203,0.5,0.203,0.1
-0.11201,0.0023795,0,0.0013119,1,0.204,0.5,0.204,0.1
-0.11245,0.0024137,0,0.0012827,1,0.205,0.5,0.205,0.1
-0.11289,0.0024479,0,0.0012535,1,0.206,0.5,0.206,0.1
-0.11333,0.0024822,0,0.0012243,1,0.207,0.5,0.207,0.1
-0.11377,0.0025164,0,0.0011952,1,0.208,0.5,0.208,0.1
-0.11421,0.0025507,0,0.001166,1,0.209,0.5,0.209,0.1
-0.11465,0.0025849,0,0.0011368,1,0.21,0.5,0.21,0.1
-0.11509,0.0026192,0,0.0011076,1,0.211,0.5,0.211,0.1
-0.11553,0.0026534,0,0.0010784,1,0.212,0.5,0.212,0.1
-0.11597,0.0026877,0,0.0010492,1,0.213,0.5,0.213,0.1
-0.11641,0.0027219,0,0.0010201,1,0.214,0.5,0.214,0.1
-0.11685,0.0027562,0,0.00099088,1,0.215,0.5,0.215,0.1
-0.11729,0.0027904,0,0.00096169,1,0.216,0.5,0.216,0.1
-0.11773,0.0028247,0,0.00093251,1,0.217,0.5,0.217,0.1
-0.11817,0.0028589,0,0.00090333,1,0.218,0.5,0.218,0.1
-0.11861,0.0028932,0,0.00087414,1,0.219,0.5,0.219,0.1
-0.11905,0.0029274,0,0.00084496,1,0.22,0.5,0.22,0.1
-0.11949,0.0029617,0,0.00081578,1,0.221,0.5,0.221,0.1
-0.11993,0.0029959,0,0.00078659,1,0.222,0.5,0.222,0.1
-0.12037,0.0030302,0,0.00075741,1,0.223,0.5,0.223,0.1
-0.1208,0.0030644,0,0.00072823,1,0.224,0.5,0.224,0.1
-0.12124,0.0030987,0,0.00069904,1,0.225,0.5,0.225,0.1
-0.12167,0.0031458,0,0.00066099,1,0.226,0.5,0.226,0.1
-0.1221,0.0031929,0,0.00062295,1,0.227,0.5,0.227,0.1
-0.12253,0.00324,0,0.0005849,1,0.228,0.5,0.228,0.1
-0.12296,0.0032871,0,0.00054685,1,0.229,0.5,0.229,0.1
-0.12339,0.0033343,0,0.00050881,1,0.23,0.5,0.23,0.1
-0.12382,0.0033814,0,0.00047076,1,0.231,0.5,0.231,0.1
-0.12424,0.0034285,0,0.00043271,1,0.232,0.5,0.232,0.1
-0.12467,0.0034756,0,0.00039466,1,0.233,0.5,0.233,0.1
-0.1251,0.0035227,0,0.00035662,1,0.234,0.5,0.234,0.1
-0.12553,0.0035698,0,0.00031857,1,0.235,0.5,0.235,0.1
-0.12596,0.0036169,0,0.00028052,1,0.236,0.5,0.236,0.1
-0.12639,0.003664,0,0.00024247,1,0.237,0.5,0.237,0.1
-0.12682,0.0037112,0,0.00020443,1,0.238,0.5,0.238,0.1
-0.12724,0.0037583,0,0.00016638,1,0.239,0.5,0.239,0.1
-0.12767,0.0038054,0,0.00012833,1,0.24,0.5,0.24,0.1
-0.1281,0.0038525,0,9.0286e-05,1,0.241,0.5,0.241,0.1
-0.12853,0.0038996,0,5.2239e-05,1,0.242,0.5,0.242,0.1
-0.12896,0.0039467,0,1.4191e-05,1,0.243,0.5,0.243,0.1
-0.12939,0.0039938,0,-2.3856e-05,1,0.244,0.5,0.244,0.1
-0.12982,0.0040409,0,-6.1903e-05,1,0.245,0.5,0.245,0.1
-0.13024,0.0040881,0,-9.9951e-05,1,0.246,0.5,0.246,0.1
-0.13067,0.0041352,0,-0.000138,1,0.247,0.5,0.247,0.1
-0.1311,0.0041823,0,-0.00017604,1,0.248,0.5,0.248,0.1
-0.13153,0.0042294,0,-0.00021409,1,0.249,0.5,0.249,0.1
-0.13196,0.0042765,0,-0.00025214,1,0.25,0.5,0.25,0.1
-0.13237,0.0043397,0,-0.00030062,1,0.251,0.5,0.251,0.1
-0.13279,0.0044029,0,-0.00034911,1,0.252,0.5,0.252,0.1
-0.13321,0.0044661,0,-0.00039759,1,0.253,0.5,0.253,0.1
-0.13362,0.0045293,0,-0.00044607,1,0.254,0.5,0.254,0.1
-0.13404,0.0045925,0,-0.00049456,1,0.255,0.5,0.255,0.1
-0.13445,0.0046557,0,-0.00054304,1,0.256,0.5,0.256,0.1
-0.13487,0.004719,0,-0.00059152,1,0.257,0.5,0.257,0.1
-0.13529,0.0047822,0,-0.00064001,1,0.258,0.5,0.258,0.1
-0.1357,0.0048454,0,-0.00068849,1,0.259,0.5,0.259,0.1
-0.13612,0.0049086,0,-0.00073697,1,0.26,0.5,0.26,0.1
-0.13653,0.0049718,0,-0.00078546,1,0.261,0.5,0.261,0.1
-0.13695,0.005035,0,-0.00083394,1,0.262,0.5,0.262,0.1
-0.13736,0.0050982,0,-0.00088242,1,0.263,0.5,0.263,0.1
-0.13778,0.0051614,0,-0.00093091,1,0.264,0.5,0.264,0.1
-0.1382,0.0052246,0,-0.00097939,1,0.265,0.5,0.265,0.1
-0.13861,0.0052878,0,-0.0010279,1,0.266,0.5,0.266,0.1
-0.13903,0.005351,0,-0.0010764,1,0.267,0.5,0.267,0.1
-0.13944,0.0054142,0,-0.0011248,1,0.268,0.5,0.268,0.1
-0.13986,0.0054774,0,-0.0011733,1,0.269,0.5,0.269,0.1
-0.14027,0.0055407,0,-0.0012218,1,0.27,0.5,0.27,0.1
-0.14069,0.0056039,0,-0.0012703,1,0.271,0.5,0.271,0.1
-0.14111,0.0056671,0,-0.0013188,1,0.272,0.5,0.272,0.1
-0.14152,0.0057303,0,-0.0013673,1,0.273,0.5,0.273,0.1
-0.14194,0.0057935,0,-0.0014157,1,0.274,0.5,0.274,0.1
-0.14235,0.0058567,0,-0.0014642,1,0.275,0.5,0.275,0.1
-0.14275,0.0059392,0,-0.0015248,1,0.276,0.5,0.276,0.1
-0.14315,0.0060217,0,-0.0015853,1,0.277,0.5,0.277,0.1
-0.14355,0.0061043,0,-0.0016459,1,0.278,0.5,0.278,0.1
-0.14395,0.0061868,0,-0.0017065,1,0.279,0.5,0.279,0.1
-0.14435,0.0062693,0,-0.001767,1,0.28,0.5,0.28,0.1
-0.14475,0.0063518,0,-0.0018276,1,0.281,0.5,0.281,0.1
-0.14515,0.0064343,0,-0.0018881,1,0.282,0.5,0.282,0.1
-0.14554,0.0065169,0,-0.0019487,1,0.283,0.5,0.283,0.1
-0.14594,0.0065994,0,-0.0020092,1,0.284,0.5,0.284,0.1
-0.14634,0.0066819,0,-0.0020698,1,0.285,0.5,0.285,0.1
-0.14674,0.0067644,0,-0.0021304,1,0.286,0.5,0.286,0.1
-0.14714,0.006847,0,-0.0021909,1,0.287,0.5,0.287,0.1
-0.14754,0.0069295,0,-0.0022515,1,0.288,0.5,0.288,0.1
-0.14794,0.007012,0,-0.002312,1,0.289,0.5,0.289,0.1
-0.14834,0.0070945,0,-0.0023726,1,0.29,0.5,0.29,0.1
-0.14874,0.0071771,0,-0.0024332,1,0.291,0.5,0.291,0.1
-0.14913,0.0072596,0,-0.0024937,1,0.292,0.5,0.292,0.1
-0.14953,0.0073421,0,-0.0025543,1,0.293,0.5,0.293,0.1
-0.14993,0.0074246,0,-0.0026148,1,0.294,0.5,0.294,0.1
-0.15033,0.0075071,0,-0.0026754,1,0.295,0.5,0.295,0.1
-0.15073,0.0075897,0,-0.0027359,1,0.296,0.5,0.296,0.1
-0.15113,0.0076722,0,-0.0027965,1,0.297,0.5,0.297,0.1
-0.15153,0.0077547,0,-0.0028571,1,0.298,0.5,0.298,0.1
-0.15193,0.0078372,0,-0.0029176,1,0.299,0.5,0.299,0.1
-0.15233,0.0079198,0,-0.0029782,1,0.3,0.5,0.3,0.1
-0.1527,0.0080247,0,-0.0030524,1,0.301,0.5,0.301,0.1
-0.15308,0.0081296,0,-0.0031267,1,0.302,0.5,0.302,0.1
-0.15345,0.0082345,0,-0.003201,1,0.303,0.5,0.303,0.1
-0.15383,0.0083394,0,-0.0032752,1,0.304,0.5,0.304,0.1
-0.15421,0.0084444,0,-0.0033495,1,0.305,0.5,0.305,0.1
-0.15458,0.0085493,0,-0.0034237,1,0.306,0.5,0.306,0.1
-0.15496,0.0086542,0,-0.003498,1,0.307,0.5,0.307,0.1
-0.15533,0.0087591,0,-0.0035723,1,0.308,0.5,0.308,0.1
-0.15571,0.008864,0,-0.0036465,1,0.309,0.5,0.309,0.1
-0.15609,0.0089689,0,-0.0037208,1,0.31,0.5,0.31,0.1
-0.15646,0.0090739,0,-0.003795,1,0.311,0.5,0.311,0.1
-0.15684,0.0091788,0,-0.0038693,1,0.312,0.5,0.312,0.1
-0.15722,0.0092837,0,-0.0039436,1,0.313,0.5,0.313,0.1
-0.15759,0.0093886,0,-0.0040178,1,0.314,0.5,0.314,0.1
-0.15797,0.0094935,0,-0.0040921,1,0.315,0.5,0.315,0.1
-0.15834,0.0095985,0,-0.0041663,1,0.316,0.5,0.316,0.1
-0.15872,0.0097034,0,-0.0042406,1,0.317,0.5,0.317,0.1
-0.1591,0.0098083,0,-0.0043149,1,0.318,0.5,0.318,0.1
-0.15947,0.0099132,0,-0.0043891,1,0.319,0.5,0.319,0.1
-0.15985,0.010018,0,-0.0044634,1,0.32,0.5,0.32,0.1
-0.16022,0.010123,0,-0.0045376,1,0.321,0.5,0.321,0.1
-0.1606,0.010228,0,-0.0046119,1,0.322,0.5,0.322,0.1
-0.16098,0.010333,0,-0.0046862,1,0.323,0.5,0.323,0.1
-0.16135,0.010438,0,-0.0047604,1,0.324,0.5,0.324,0.1
-0.16173,0.010543,0,-0.0048347,1,0.325,0.5,0.325,0.1
-0.16207,0.010673,0,-0.0049242,1,0.326,0.5,0.326,0.1
-0.16242,0.010803,0,-0.0050137,1,0.327,0.5,0.327,0.1
-0.16277,0.010933,0,-0.0051033,1,0.328,0.5,0.328,0.1
-0.16311,0.011063,0,-0.0051928,1,0.329,0.5,0.329,0.1
-0.16346,0.011193,0,-0.0052823,1,0.33,0.5,0.33,0.1
-0.1638,0.011323,0,-0.0053719,1,0.331,0.5,0.331,0.1
-0.16415,0.011453,0,-0.0054614,1,0.332,0.5,0.332,0.1
-0.16449,0.011583,0,-0.0055509,1,0.333,0.5,0.333,0.1
-0.16484,0.011713,0,-0.0056405,1,0.334,0.5,0.334,0.1
-0.16518,0.011844,0,-0.00573,1,0.335,0.5,0.335,0.1
-0.16553,0.011974,0,-0.0058195,1,0.336,0.5,0.336,0.1
-0.16587,0.012104,0,-0.0059091,1,0.337,0.5,0.337,0.1
-0.16622,0.012234,0,-0.0059986,1,0.338,0.5,0.338,0.1
-0.16656,0.012364,0,-0.0060881,1,0.339,0.5,0.339,0.1
-0.16691,0.012494,0,-0.0061777,1,0.34,0.5,0.34,0.1
-0.16726,0.012624,0,-0.0062672,1,0.341,0.5,0.341,0.1
-0.1676,0.012754,0,-0.0063567,1,0.342,0.5,0.342,0.1
-0.16795,0.012884,0,-0.0064463,1,0.343,0.5,0.343,0.1
-0.16829,0.013014,0,-0.0065358,1,0.344,0.5,0.344,0.1
-0.16864,0.013144,0,-0.0066253,1,0.345,0.5,0.345,0.1
-0.16898,0.013274,0,-0.0067148,1,0.346,0.5,0.346,0.1
-0.16933,0.013404,0,-0.0068044,1,0.347,0.5,0.347,0.1
-0.16967,0.013535,0,-0.0068939,1,0.348,0.5,0.348,0.1
-0.17002,0.013665,0,-0.0069834,1,0.349,0.5,0.349,0.1
-0.17036,0.013795,0,-0.007073,1,0.35,0.5,0.35,0.1
-0.17067,0.013952,0,-0.0071792,1,0.351,0.5,0.351,0.1
-0.17097,0.01411,0,-0.0072854,1,0.352,0.5,0.352,0.1
-0.17128,0.014267,0,-0.0073916,1,0.353,0.5,0.353,0.1
-0.17158,0.014425,0,-0.0074977,1,0.354,0.5,0.354,0.1
-0.17189,0.014582,0,-0.0076039,1,0.355,0.5,0.355,0.1
-0.17219,0.014739,0,-0.0077101,1,0.356,0.5,0.356,0.1
-0.1725,0.014897,0,-0.0078163,1,0.357,0.5,0.357,0.1
-0.1728,0.015054,0,-0.0079225,1,0.358,0.5,0.358,0.1
-0.17311,0.015212,0,-0.0080287,1,0.359,0.5,0.359,0.1
-0.17341,0.015369,0,-0.0081349,1,0.36,0.5,0.36,0.1
-0.17372,0.015527,0,-0.0082411,1,0.361,0.5,0.361,0.1
-0.17402,0.015684,0,-0.0083473,1,0.362,0.5,0.362,0.1
-0.17432,0.015842,0,-0.0084535,1,0.363,0.5,0.363,0.1
-0.17463,0.015999,0,-0.0085597,1,0.364,0.5,0.364,0.1
-0.17493,0.016157,0,-0.0086659,1,0.365,0.5,0.365,0.1
-0.17524,0.016314,0,-0.0087721,1,0.366,0.5,0.366,0.1
-0.17554,0.016472,0,-0.0088783,1,0.367,0.5,0.367,0.1
-0.17585,0.016629,0,-0.0089844,1,0.368,0.5,0.368,0.1
-0.17615,0.016787,0,-0.0090906,1,0.369,0.5,0.369,0.1
-0.17646,0.016944,0,-0.0091968,1,0.37,0.5,0.37,0.1
-0.17676,0.017102,0,-0.009303,1,0.371,0.5,0.371,0.1
-0.17707,0.017259,0,-0.0094092,1,0.372,0.5,0.372,0.1
-0.17737,0.017416,0,-0.0095154,1,0.373,0.5,0.373,0.1
-0.17768,0.017574,0,-0.0096216,1,0.374,0.5,0.374,0.1
-0.17798,0.017731,0,-0.0097278,1,0.375,0.5,0.375,0.1
-0.17823,0.017918,0,-0.0098517,1,0.376,0.5,0.376,0.1
-0.17849,0.018104,0,-0.0099756,1,0.377,0.5,0.377,0.1
-0.17874,0.018291,0,-0.0101,1,0.378,0.5,0.378,0.1
-0.17899,0.018477,0,-0.010223,1,0.379,0.5,0.379,0.1
-0.17924,0.018663,0,-0.010347,1,0.38,0.5,0.38,0.1
-0.1795,0.01885,0,-0.010471,1,0.381,0.5,0.381,0.1
-0.17975,0.019036,0,-0.010595,1,0.382,0.5,0.382,0.1
-0.18,0.019222,0,-0.010719,1,0.383,0.5,0.383,0.1
-0.18025,0.019409,0,-0.010843,1,0.384,0.5,0.384,0.1
-0.18051,0.019595,0,-0.010967,1,0.385,0.5,0.385,0.1
-0.18076,0.019782,0,-0.011091,1,0.386,0.5,0.386,0.1
-0.18101,0.019968,0,-0.011215,1,0.387,0.5,0.387,0.1
-0.18126,0.020154,0,-0.011339,1,0.388,0.5,0.388,0.1
-0.18152,0.020341,0,-0.011463,1,0.389,0.5,0.389,0.1
-0.18177,0.020527,0,-0.011587,1,0.39,0.5,0.39,0.1
-0.18202,0.020713,0,-0.011711,1,0.391,0.5,0.391,0.1
-0.18227,0.0209,0,-0.011835,1,0.392,0.5,0.392,0.1
-0.18253,0.021086,0,-0.011958,1,0.393,0.5,0.393,0.1
-0.18278,0.021273,0,-0.012082,1,0.394,0.5,0.394,0.1
-0.18303,0.021459,0,-0.012206,1,0.395,0.5,0.395,0.1
-0.18329,0.021645,0,-0.01233,1,0.396,0.5,0.396,0.1
-0.18354,0.021832,0,-0.012454,1,0.397,0.5,0.397,0.1
-0.18379,0.022018,0,-0.012578,1,0.398,0.5,0.398,0.1
-0.18404,0.022204,0,-0.012702,1,0.399,0.5,0.399,0.1
-0.1843,0.022391,0,-0.012826,1,0.4,0.5,0.4,0.1
-0.18448,0.022607,0,-0.012968,1,0.401,0.5,0.401,0.1
-0.18467,0.022822,0,-0.01311,1,0.402,0.5,0.402,0.1
-0.18486,0.023038,0,-0.013253,1,0.403,0.5,0.403,0.1
-0.18505,0.023254,0,-0.013395,1,0.404,0.5,0.404,0.1
-0.18523,0.02347,0,-0.013537,1,0.405,0.5,0.405,0.1
-0.18542,0.023686,0,-0.013679,1,0.406,0.5,0.406,0.1
-0.18561,0.023902,0,-0.013822,1,0.407,0.5,0.407,0.1
-0.1858,0.024118,0,-0.013964,1,0.408,0.5,0.408,0.1
-0.18599,0.024333,0,-0.014106,1,0.409,0.5,0.409,0.1
-0.18617,0.024549,0,-0.014248,1,0.41,0.5,0.41,0.1
-0.18636,0.024765,0,-0.014391,1,0.411,0.5,0.411,0.1
-0.18655,0.024981,0,-0.014533,1,0.412,0.5,0.412,0.1
-0.18674,0.025197,0,-0.014675,1,0.413,0.5,0.413,0.1
-0.18693,0.025413,0,-0.014817,1,0.414,0.5,0.414,0.1
-0.18711,0.025629,0,-0.01496,1,0.415,0.5,0.415,0.1
-0.1873,0.025844,0,-0.015102,1,0.416,0.5,0.416,0.1
-0.18749,0.02606,0,-0.015244,1,0.417,0.5,0.417,0.1
-0.18768,0.026276,0,-0.015387,1,0.418,0.5,0.418,0.1
-0.18787,0.026492,0,-0.015529,1,0.419,0.5,0.419,0.1
-0.18805,0.026708,0,-0.015671,1,0.42,0.5,0.42,0.1
-0.18824,0.026924,0,-0.015813,1,0.421,0.5,0.421,0.1
-0.18843,0.02714,0,-0.015956,1,0.422,0.5,0.422,0.1
-0.18862,0.027355,0,-0.016098,1,0.423,0.5,0.423,0.1
-0.1888,0.027571,0,-0.01624,1,0.424,0.5,0.424,0.1
-0.18899,0.027787,0,-0.016382,1,0.425,0.5,0.425,0.1
-0.1891,0.028032,0,-0.016543,1,0.426,0.5,0.426,0.1
-0.18921,0.028276,0,-0.016703,1,0.427,0.5,0.427,0.1
-0.18932,0.028521,0,-0.016864,1,0.428,0.5,0.428,0.1
-0.18943,0.028766,0,-0.017025,1,0.429,0.5,0.429,0.1
-0.18954,0.029011,0,-0.017185,1,0.43,0.5,0.43,0.1
-0.18965,0.029255,0,-0.017346,1,0.431,0.5,0.431,0.1
-0.18976,0.0295,0,-0.017507,1,0.432,0.5,0.432,0.1
-0.18987,0.029745,0,-0.017667,1,0.433,0.5,0.433,0.1
-0.18998,0.029989,0,-0.017828,1,0.434,0.5,0.434,0.1
-0.19009,0.030234,0,-0.017988,1,0.435,0.5,0.435,0.1
-0.1902,0.030479,0,-0.018149,1,0.436,0.5,0.436,0.1
-0.19031,0.030723,0,-0.01831,1,0.437,0.5,0.437,0.1
-0.19042,0.030968,0,-0.01847,1,0.438,0.5,0.438,0.1
-0.19053,0.031213,0,-0.018631,1,0.439,0.5,0.439,0.1
-0.19064,0.031457,0,-0.018791,1,0.44,0.5,0.44,0.1
-0.19075,0.031702,0,-0.018952,1,0.441,0.5,0.441,0.1
-0.19086,0.031947,0,-0.019113,1,0.442,0.5,0.442,0.1
-0.19097,0.032191,0,-0.019273,1,0.443,0.5,0.443,0.1
-0.19108,0.032436,0,-0.019434,1,0.444,0.5,0.444,0.1
-0.19119,0.032681,0,-0.019594,1,0.445,0.5,0.445,0.1
-0.1913,0.032925,0,-0.019755,1,0.446,0.5,0.446,0.1
-0.19141,0.03317,0,-0.019916,1,0.447,0.5,0.447,0.1
-0.19152,0.033415,0,-0.020076,1,0.448,0.5,0.448,0.1
-0.19163,0.033659,0,-0.020237,1,0.449,0.5,0.449,0.1
-0.19174,0.033904,0,-0.020397,1,0.45,0.5,0.45,0.1
-0.19176,0.034175,0,-0.020576,1,0.451,0.5,0.451,0.1
-0.19177,0.034447,0,-0.020754,1,0.452,0.5,0.452,0.1
-0.19179,0.034718,0,-0.020932,1,0.453,0.5,0.453,0.1
-0.19181,0.034989,0,-0.02111,1,0.454,0.5,0.454,0.1
-0.19183,0.035261,0,-0.021288,1,0.455,0.5,0.455,0.1
-0.19185,0.035532,0,-0.021466,1,0.456,0.5,0.456,0.1
-0.19186,0.035804,0,-0.021645,1,0.457,0.5,0.457,0.1
-0.19188,0.036075,0,-0.021823,1,0.458,0.5,0.458,0.1
-0.1919,0.036346,0,-0.022001,1,0.459,0.5,0.459,0.1
-0.19192,0.036618,0,-0.022179,1,0.46,0.5,0.46,0.1
-0.19194,0.036889,0,-0.022357,1,0.461,0.5,0.461,0.1
-0.19195,0.03716,0,-0.022535,1,0.462,0.5,0.462,0.1
-0.19197,0.037432,0,-0.022714,1,0.463,0.5,0.463,0.1
-0.19199,0.037703,0,-0.022892,1,0.464,0.5,0.464,0.1
-0.19201,0.037974,0,-0.02307,1,0.465,0.5,0.465,0.1
-0.19203,0.038246,0,-0.023248,1,0.466,0.5,0.466,0.1
-0.19205,0.038517,0,-0.023426,1,0.467,0.5,0.467,0.1
-0.19206,0.038788,0,-0.023604,1,0.468,0.5,0.468,0.1
-0.19208,0.03906,0,-0.023783,1,0.469,0.5,0.469,0.1
-0.1921,0.039331,0,-0.023961,1,0.47,0.5,0.47,0.1
-0.19212,0.039603,0,-0.024139,1,0.471,0.5,0.471,0.1
-0.19214,0.039874,0,-0.024317,1,0.472,0.5,0.472,0.1
-0.19215,0.040145,0,-0.024495,1,0.473,0.5,0.473,0.1
-0.19217,0.040417,0,-0.024673,1,0.474,0.5,0.474,0.1
-0.19219,0.040688,0,-0.024852,1,0.475,0.5,0.475,0.1
-0.1921,0.040982,0,-0.025046,1,0.476,0.5,0.476,0.1
-0.19202,0.041277,0,-0.02524,1,0.477,0.5,0.477,0.1
-0.19193,0.041571,0,-0.025434,1,0.478,0.5,0.478,0.1
-0.19185,0.041865,0,-0.025628,1,0.479,0.5,0.479,0.1
-0.19176,0.042159,0,-0.025821,1,0.48,0.5,0.48,0.1
-0.19167,0.042454,0,-0.026015,1,0.481,0.5,0.481,0.1
-0.19159,0.042748,0,-0.026209,1,0.482,0.5,0.482,0.1
-0.1915,0.043042,0,-0.026403,1,0.483,0.5,0.483,0.1
-0.19141,0.043336,0,-0.026597,1,0.484,0.5,0.484,0.1
-0.19133,0.043631,0,-0.026791,1,0.485,0.5,0.485,0.1
-0.19124,0.043925,0,-0.026985,1,0.486,0.5,0.486,0.1
-0.19115,0.044219,0,-0.027179,1,0.487,0.5,0.487,0.1
-0.19107,0.044514,0,-0.027373,1,0.488,0.5,0.488,0.1
-0.19098,0.044808,0,-0.027567,1,0.489,0.5,0.489,0.1
-0.1909,0.045102,0,-0.027761,1,0.49,0.5,0.49,0.1
-0.19081,0.045396,0,-0.027955,1,0.491,0.5,0.491,0.1
-0.19072,0.045691,0,-0.028149,1,0.492,0.5,0.492,0.1
-0.19064,0.045985,0,-0.028343,1,0.493,0.5,0.493,0.1
-0.19055,0.046279,0,-0.028537,1,0.494,0.5,0.494,0.1
-0.19046,0.046573,0,-0.028731,1,0.495,0.5,0.495,0.1
-0.19038,0.046868,0,-0.028925,1,0.496,0.5,0.496,0.1
-0.19029,0.047162,0,-0.029119,1,0.497,0.5,0.497,0.1
-0.19021,0.047456,0,-0.029313,1,0.498,0.5,0.498,0.1
-0.19012,0.047751,0,-0.029507,1,0.499,0.5,0.499,0.1
-0.19003,0.048045,0,-0.029701,1,0.5,0.5,0.5,0.1
-0.18983,0.048356,0,-0.029908,1,0.501,0.5,0.501,0.1
-0.18963,0.048668,0,-0.030115,1,0.502,0.5,0.502,0.1
-0.18943,0.04898,0,-0.030322,1,0.503,0.5,0.503,0.1
-0.18922,0.049291,0,-0.030529,1,0.504,0.5,0.504,0.1
-0.18902,0.049603,0,-0.030736,1,0.505,0.5,0.505,0.1
-0.18882,0.049914,0,-0.030943,1,0.506,0.5,0.506,0.1
-0.18862,0.050226,0,-0.03115,1,0.507,0.5,0.507,0.1
-0.18841,0.050538,0,-0.031357,1,0.508,0.5,0.508,0.1
-0.18821,0.050849,0,-0.031563,1,0.509,0.5,0.509,0.1
-0.18801,0.051161,0,-0.03177,1,0.51,0.5,0.51,0.1
-0.18781,0.051472,0,-0.031977,1,0.511,0.5,0.511,0.1
-0.18761,0.051784,0,-0.032184,1,0.512,0.5,0.512,0.1
-0.1874,0.052096,0,-0.032391,1,0.513,0.5,0.513,0.1
-0.1872,0.052407,0,-0.032598,1,0.514,0.5,0.514,0.1
-0.187,0.052719,0,-0.032805,1,0.515,0.5,0.515,0.1
-0.1868,0.05303,0,-0.033012,1,0.516,0.5,0.516,0.1
-0.18659,0.053342,0,-0.033219,1,0.517,0.5,0.517,0.1
-0.18639,0.053654,0,-0.033426,1,0.518,0.5,0.518,0.1
-0.18619,0.053965,0,-0.033633,1,0.519,0.5,0.519,0.1
-0.18599,0.054277,0,-0.03384,1,0.52,0.5,0.52,0.1
-0.18578,0.054588,0,-0.034047,1,0.521,0.5,0.521,0.1
-0.18558,0.0549,0,-0.034254,1,0.522,0.5,0.522,0.1
-0.18538,0.055212,0,-0.034461,1,0.523,0.5,0.523,0.1
-0.18518,0.055523,0,-0.034668,1,0.524,0.5,0.524,0.1
-0.18498,0.055835,0,-0.034875,1,0.525,0.5,0.525,0.1
-0.18465,0.056156,0,-0.035091,1,0.526,0.5,0.526,0.1
-0.18432,0.056477,0,-0.035307,1,0.527,0.5,0.527,0.1
-0.18399,0.056799,0,-0.035523,1,0.528,0.5,0.528,0.1
-0.18366,0.05712,0,-0.035739,1,0.529,0.5,0.529,0.1
-0.18334,0.057441,0,-0.035955,1,0.53,0.5,0.53,0.1
-0.18301,0.057763,0,-0.036171,1,0.531,0.5,0.531,0.1
-0.18268,0.058084,0,-0.036387,1,0.532,0.5,0.532,0.1
-0.18235,0.058405,0,-0.036603,1,0.533,0.5,0.533,0.1
-0.18203,0.058727,0,-0.036819,1,0.534,0.5,0.534,0.1
-0.1817,0.059048,0,-0.037035,1,0.535,0.5,0.535,0.1
-0.18137,0.05937,0,-0.037251,1,0.536,0.5,0.536,0.1
-0.18104,0.059691,0,-0.037467,1,0.537,0.5,0.537,0.1
-0.18071,0.060012,0,-0.037683,1,0.538,0.5,0.538,0.1
-0.18039,0.060334,0,-0.037899,1,0.539,0.5,0.539,0.1
-0.18006,0.060655,0,-0.038115,1,0.54,0.5,0.54,0.1
-0.17973,0.060976,0,-0.038331,1,0.541,0.5,0.541,0.1
-0.1794,0.061298,0,-0.038547,1,0.542,0.5,0.542,0.1
-0.17908,0.061619,0,-0.038763,1,0.543,0.5,0.543,0.1
-0.17875,0.06194,0,-0.038979,1,0.544,0.5,0.544,0.1
-0.17842,0.062262,0,-0.039195,1,0.545,0.5,0.545,0.1
-0.17809,0.062583,0,-0.039411,1,0.546,0.5,0.546,0.1
-0.17776,0.062904,0,-0.039627,1,0.547,0.5,0.547,0.1
-0.17744,0.063226,0,-0.039843,1,0.548,0.5,0.548,0.1
-0.17711,0.063547,0,-0.040059,1,0.549,0.5,0.549,0.1
-0.17678,0.063868,0,-0.040275,1,0.55,0.5,0.55,0.1
-0.17632,0.06419,0,-0.040495,1,0.551,0.5,0.551,0.1
-0.17586,0.064511,0,-0.040715,1,0.552,0.5,0.552,0.1
-0.1754,0.064833,0,-0.040935,1,0.553,0.5,0.553,0.1
-0.17494,0.065154,0,-0.041155,1,0.554,0.5,0.554,0.1
-0.17448,0.065476,0,-0.041375,1,0.555,0.5,0.555,0.1
-0.17402,0.065797,0,-0.041596,1,0.556,0.5,0.556,0.1
-0.17356,0.066119,0,-0.041816,1,0.557,0.5,0.557,0.1
-0.1731,0.06644,0,-0.042036,1,0.558,0.5,0.558,0.1
-0.17264,0.066762,0,-0.042256,1,0.559,0.5,0.559,0.1
-0.17218,0.067083,0,-0.042476,1,0.56,0.5,0.56,0.1
-0.17172,0.067405,0,-0.042696,1,0.561,0.5,0.561,0.1
-0.17126,0.067727,0,-0.042916,1,0.562,0.5,0.562,0.1
-0.1708,0.068048,0,-0.043136,1,0.563,0.5,0.563,0.1
-0.17034,0.06837,0,-0.043356,1,0.564,0.5,0.564,0.1
-0.16988,0.068691,0,-0.043576,1,0.565,0.5,0.565,0.1
-0.16942,0.069013,0,-0.043796,1,0.566,0.5,0.566,0.1
-0.16896,0.069334,0,-0.044016,1,0.567,0.5,0.567,0.1
-0.1685,0.069656,0,-0.044236,1,0.568,0.5,0.568,0.1
-0.16804,0.069977,0,-0.044456,1,0.569,0.5,0.569,0.1
-0.16758,0.070299,0,-0.044676,1,0.57,0.5,0.57,0.1
-0.16712,0.07062,0,-0.044896,1,0.571,0.5,0.571,0.1
-0.16666,0.070942,0,-0.045116,1,0.572,0.5,0.572,0.1
-0.1662,0.071263,0,-0.045337,1,0.573,0.5,0.573,0.1
-0.16574,0.071585,0,-0.045557,1,0.574,0.5,0.574,0.1
-0.16528,0.071906,0,-0.045777,1,0.575,0.5,0.575,0.1
-0.16469,0.072217,0,-0.045995,1,0.576,0.5,0.576,0.1
-0.16409,0.072527,0,-0.046213,1,0.577,0.5,0.577,0.1
-0.16349,0.072837,0,-0.046431,1,0.578,0.5,0.578,0.1
-0.1629,0.073148,0,-0.046649,1,0.579,0.5,0.579,0.1
-0.1623,0.073458,0,-0.046868,1,0.58,0.5,0.58,0.1
-0.16171,0.073768,0,-0.047086,1,0.581,0.5,0.581,0.1
-0.16111,0.074079,0,-0.047304,1,0.582,0.5,0.582,0.1
-0.16051,0.074389,0,-0.047522,1,0.583,0.5,0.583,0.1
-0.15992,0.0747,0,-0.04774,1,0.584,0.5,0.584,0.1
-0.15932,0.07501,0,-0.047959,1,0.585,0.5,0.585,0.1
-0.15873,0.07532,0,-0.048177,1,0.586,0.5,0.586,0.1
-0.15813,0.075631,0,-0.048395,1,0.587,0.5,0.587,0.1
-0.15753,0.075941,0,-0.048613,1,0.588,0.5,0.588,0.1
-0.15694,0.076251,0,-0.048831,1,0.589,0.5,0.589,0.1
-0.15634,0.076562,0,-0.04905,1,0.59,0.5,0.59,0.1
-0.15575,0.076872,0,-0.049268,1,0.591,0.5,0.591,0.1
-0.15515,0.077182,0,-0.049486,1,0.592,0.5,0.592,0.1
-0.15455,0.077493,0,-0.049704,1,0.593,0.5,0.593,0.1
-0.15396,0.077803,0,-0.049922,1,0.594,0.5,0.594,0.1
-0.15336,0.078113,0,-0.050141,1,0.595,0.5,0.595,0.1
-0.15277,0.078424,0,-0.050359,1,0.596,0.5,0.596,0.1
-0.15217,0.078734,0,-0.050577,1,0.597,0.5,0.597,0.1
-0.15158,0.079044,0,-0.050795,1,0.598,0.5,0.598,0.1
-0.15098,0.079355,0,-0.051013,1,0.599,0.5,0.599,0.1
-0.15038,0.079665,0,-0.051232,1,0.6,0.5,0.6,0.1
-0.14965,0.079951,0,-0.051441,1,0.601,0.5,0.601,0.1
-0.14892,0.080238,0,-0.051651,1,0.602,0.5,0.602,0.1
-0.14819,0.080524,0,-0.051861,1,0.603,0.5,0.603,0.1
-0.14745,0.08081,0,-0.052071,1,0.604,0.5,0.604,0.1
-0.14672,0.081096,0,-0.052281,1,0.605,0.5,0.605,0.1
-0.14599,0.081382,0,-0.05249,1,0.606,0.5,0.606,0.1
-0.14525,0.081668,0,-0.0527,1,0.607,0.5,0.607,0.1
-0.14452,0.081955,0,-0.05291,1,0.608,0.5,0.608,0.1
-0.14379,0.082241,0,-0.05312,1,0.609,0.5,0.609,0.1
-0.14306,0.082527,0,-0.05333,1,0.61,0.5,0.61,0.1
-0.14232,0.082813,0,-0.05354,1,0.611,0.5,0.611,0.1
-0.14159,0.083099,0,-0.053749,1,0.612,0.5,0.612,0.1
-0.14086,0.083385,0,-0.053959,1,0.613,0.5,0.613,0.1
-0.14012,0.083672,0,-0.054169,1,0.614,0.5,0.614,0.1
-0.13939,0.083958,0,-0.054379,1,0.615,0.5,0.615,0.1
-0.13866,0.084244,0,-0.054589,1,0.616,0.5,0.616,0.1
-0.13793,0.08453,0,-0.054798,1,0.617,0.5,0.617,0.1
-0.13719,0.084816,0,-0.055008,1,0.618,0.5,0.618,0.1
-0.13646,0.085102,0,-0.055218,1,0.619,0.5,0.619,0.1
-0.13573,0.085389,0,-0.055428,1,0.62,0.5,0.62,0.1
-0.135,0.085675,0,-0.055638,1,0.621,0.5,0.621,0.1
-0.13426,0.085961,0,-0.055848,1,0.622,0.5,0.622,0.1
-0.13353,0.086247,0,-0.056057,1,0.623,0.5,0.623,0.1
-0.1328,0.086533,0,-0.056267,1,0.624,0.5,0.624,0.1
-0.13206,0.086819,0,-0.056477,1,0.625,0.5,0.625,0.1
-0.1312,0.087067,0,-0.056672,1,0.626,0.5,0.626,0.1
-0.13033,0.087315,0,-0.056866,1,0.627,0.5,0.627,0.1
-0.12946,0.087563,0,-0.057061,1,0.628,0.5,0.628,0.1
-0.12859,0.08781,0,-0.057255,1,0.629,0.5,0.629,0.1
-0.12773,0.088058,0,-0.05745,1,0.63,0.5,0.63,0.1
-0.12686,0.088306,0,-0.057644,1,0.631,0.5,0.631,0.1
-0.12599,0.088553,0,-0.057839,1,0.632,0.5,0.632,0.1
-0.12512,0.088801,0,-0.058034,1,0.633,0.5,0.633,0.1
-0.12425,0.089049,0,-0.058228,1,0.634,0.5,0.634,0.1
-0.12339,0.089297,0,-0.058423,1,0.635,0.5,0.635,0.1
-0.12252,0.089544,0,-0.058617,1,0.636,0.5,0.636,0.1
-0.12165,0.089792,0,-0.058812,1,0.637,0.5,0.637,0.1
-0.12078,0.09004,0,-0.059007,1,0.638,0.5,0.638,0.1
-0.11992,0.090287,0,-0.059201,1,0.639,0.5,0.639,0.1
-0.11905,0.090535,0,-0.059396,1,0.64,0.5,0.64,0.1
-0.11818,0.090783,0,-0.05959,1,0.641,0.5,0.641,0.1
-0.11731,0.091031,0,-0.059785,1,0.642,0.5,0.642,0.1
-0.11644,0.091278,0,-0.05998,1,0.643,0.5,0.643,0.1
-0.11558,0.091526,0,-0.060174,1,0.644,0.5,0.644,0.1
-0.11471,0.091774,0,-0.060369,1,0.645,0.5,0.645,0.1
-0.11384,0.092022,0,-0.060563,1,0.646,0.5,0.646,0.1
-0.11297,0.092269,0,-0.060758,1,0.647,0.5,0.647,0.1
-0.1121,0.092517,0,-0.060952,1,0.648,0.5,0.648,0.1
-0.11124,0.092765,0,-0.061147,1,0.649,0.5,0.649,0.1
-0.11037,0.093012,0,-0.061342,1,0.65,0.5,0.65,0.1
-0.10937,0.093207,0,-0.061514,1,0.651,0.5,0.651,0.1
-0.10837,0.093401,0,-0.061687,1,0.652,0.5,0.652,0.1
-0.10737,0.093596,0,-0.061859,1,0.653,0.5,0.653,0.1
-0.10637,0.09379,0,-0.062032,1,0.654,0.5,0.654,0.1
-0.10537,0.093985,0,-0.062205,1,0.655,0.5,0.655,0.1
-0.10437,0.094179,0,-0.062377,1,0.656,0.5,0.656,0.1
-0.10337,0.094374,0,-0.06255,1,0.657,0.5,0.657,0.1
-0.10237,0.094568,0,-0.062722,1,0.658,0.5,0.658,0.1
-0.10137,0.094763,0,-0.062895,1,0.659,0.5,0.659,0.1
-0.10037,0.094957,0,-0.063067,1,0.66,0.5,0.66,0.1
-0.09937,0.095152,0,-0.06324,1,0.661,0.5,0.661,0.1
-0.09837,0.095346,0,-0.063413,1,0.662,0.5,0.662,0.1
-0.09737,0.095541,0,-0.063585,1,0.663,0.5,0.663,0.1
-0.09637,0.095735,0,-0.063758,1,0.664,0.5,0.664,0.1
-0.09537,0.09593,0,-0.06393,1,0.665,0.5,0.665,0.1
-0.09437,0.096125,0,-0.064103,1,0.666,0.5,0.666,0.1
-0.093371,0.096319,0,-0.064276,1,0.667,0.5,0.667,0.1
-0.092371,0.096514,0,-0.064448,1,0.668,0.5,0.668,0.1
-0.091371,0.096708,0,-0.064621,1,0.669,0.5,0.669,0.1
-0.090371,0.096903,0,-0.064793,1,0.67,0.5,0.67,0.1
-0.089371,0.097097,0,-0.064966,1,0.671,0.5,0.671,0.1
-0.088371,0.097292,0,-0.065139,1,0.672,0.5,0.672,0.1
-0.087371,0.097486,0,-0.065311,1,0.673,0.5,0.673,0.1
-0.086371,0.097681,0,-0.065484,1,0.674,0.5,0.674,0.1
-0.085371,0.097875,0,-0.065656,1,0.675,0.5,0.675,0.1
-0.084241,0.098002,0,-0.065801,1,0.676,0.5,0.676,0.1
-0.08311,0.098129,0,-0.065945,1,0.677,0.5,0.677,0.1
-0.08198,0.098256,0,-0.066089,1,0.678,0.5,0.678,0.1
-0.08085,0.098383,0,-0.066234,1,0.679,0.5,0.679,0.1
-0.079719,0.09851,0,-0.066378,1,0.68,0.5,0.68,0.1
-0.078589,0.098637,0,-0.066523,1,0.681,0.5,0.681,0.1
-0.077458,0.098764,0,-0.066667,1,0.682,0.5,0.682,0.1
-0.076328,0.098891,0,-0.066811,1,0.683,0.5,0.683,0.1
-0.075198,0.099018,0,-0.066956,1,0.684,0.5,0.684,0.1
-0.074067,0.099145,0,-0.0671,1,0.685,0.5,0.685,0.1
-0.072937,0.099272,0,-0.067244,1,0.686,0.5,0.686,0.1
-0.071807,0.099399,0,-0.067389,1,0.687,0.5,0.687,0.1
-0.070676,0.099526,0,-0.067533,1,0.688,0.5,0.688,0.1
-0.069546,0.099653,0,-0.067678,1,0.689,0.5,0.689,0.1
-0.068415,0.09978,0,-0.067822,1,0.69,0.5,0.69,0.1
-0.067285,0.099907,0,-0.067966,1,0.691,0.5,0.691,0.1
-0.066155,0.10003,0,-0.068111,1,0.692,0.5,0.692,0.1
-0.065024,0.10016,0,-0.068255,1,0.693,0.5,0.693,0.1
-0.063894,0.10029,0,-0.068399,1,0.694,0.5,0.694,0.1
-0.062763,0.10041,0,-0.068544,1,0.695,0.5,0.695,0.1
-0.061633,0.10054,0,-0.068688,1,0.696,0.5,0.696,0.1
-0.060503,0.10067,0,-0.068833,1,0.697,0.5,0.697,0.1
-0.059372,0.1008,0,-0.068977,1,0.698,0.5,0.698,0.1
-0.058242,0.10092,0,-0.069121,1,0.699,0.5,0.699,0.1
-0.057112,0.10105,0,-0.069266,1,0.7,0.5,0.7,0.1
-0.055847,0.1011,0,-0.069377,1,0.701,0.5,0.701,0.1
-0.054583,0.10114,0,-0.069487,1,0.702,0.5,0.702,0.1
-0.053319,0.10119,0,-0.069598,1,0.703,0.5,0.703,0.1
-0.052055,0.10124,0,-0.069709,1,0.704,0.5,0.704,0.1
-0.050791,0.10128,0,-0.06982,1,0.705,0.5,0.705,0.1
-0.049527,0.10133,0,-0.069931,1,0.706,0.5,0.706,0.1
-0.048263,0.10138,0,-0.070042,1,0.707,0.5,0.707,0.1
-0.046998,0.10142,0,-0.070153,1,0.708,0.5,0.708,0.1
-0.045734,0.10147,0,-0.070264,1,0.709,0.5,0.709,0.1
-0.04447,0.10152,0,-0.070374,1,0.71,0.5,0.71,0.1
-0.043206,0.10156,0,-0.070485,1,0.711,0.5,0.711,0.1
-0.041942,0.10161,0,-0.070596,1,0.712,0.5,0.712,0.1
-0.040678,0.10166,0,-0.070707,1,0.713,0.5,0.713,0.1
-0.039414,0.1017,0,-0.070818,1,0.714,0.5,0.714,0.1
-0.038149,0.10175,0,-0.070929,1,0.715,0.5,0.715,0.1
-0.036885,0.1018,0,-0.07104,1,0.716,0.5,0.716,0.1
-0.035621,0.10184,0,-0.071151,1,0.717,0.5,0.717,0.1
-0.034357,0.10189,0,-0.071261,1,0.718,0.5,0.718,0.1
-0.033093,0.10194,0,-0.071372,1,0.719,0.5,0.719,0.1
-0.031829,0.10198,0,-0.071483,1,0.72,0.5,0.72,0.1
-0.030565,0.10203,0,-0.071594,1,0.721,0.5,0.721,0.1
-0.029301,0.10208,0,-0.071705,1,0.722,0.5,0.722,0.1
-0.028036,0.10212,0,-0.071816,1,0.723,0.5,0.723,0.1
-0.026772,0.10217,0,-0.071927,1,0.724,0.5,0.724,0.1
-0.025508,0.10222,0,-0.072038,1,0.725,0.5,0.725,0.1
-0.024097,0.10217,0,-0.072112,1,0.726,0.5,0.726,0.1
-0.022687,0.10213,0,-0.072187,1,0.727,0.5,0.727,0.1
-0.021276,0.10208,0,-0.072262,1,0.728,0.5,0.728,0.1
-0.019866,0.10203,0,-0.072336,1,0.729,0.5,0.729,0.1
-0.018455,0.10199,0,-0.072411,1,0.73,0.5,0.73,0.1
-0.017044,0.10194,0,-0.072486,1,0.731,0.5,0.731,0.1
-0.015634,0.1019,0,-0.07256,1,0.732,0.5,0.732,0.1
-0.014223,0.10185,0,-0.072635,1,0.733,0.5,0.733,0.1
-0.012813,0.10181,0,-0.07271,1,0.734,0.5,0.734,0.1
-0.011402,0.10176,0,-0.072784,1,0.735,0.5,0.735,0.1
-0.0099914,0.10172,0,-0.072859,1,0.736,0.5,0.736,0.1
-0.0085808,0.10167,0,-0.072934,1,0.737,0.5,0.737,0.1
-0.0071702,0.10163,0,-0.073008,1,0.738,0.5,0.738,0.1
-0.0057595,0.10158,0,-0.073083,1,0.739,0.5,0.739,0.1
-0.0043489,0.10154,0,-0.073158,1,0.74,0.5,0.74,0.1
-0.0029383,0.10149,0,-0.073232,1,0.741,0.5,0.741,0.1
-0.0015277,0.10145,0,-0.073307,1,0.742,0.5,0.742,0.1
-0.00011711,0.1014,0,-0.073382,1,0.743,0.5,0.743,0.1
0.0012936,0.10135,0,-0.073456,1,0.744,0.5,0.744,0.1
0.0027042,0.10131,0,-0.073531,1,0.745,0.5,0.745,0.1
0.0041148,0.10126,0,-0.073606,1,0.746,0.5,0.746,0.1
0.0055254,0.10122,0,-0.07368,1,0.747,0.5,0.747,0.1
0.006936,0.10117,0,-0.073755,1,0.748,0.5,0.748,0.1
0.0083466,0.10113,0,-0.07383,1,0.749,0.5,0.749,0.1
0.0097572,0.10108,0,-0.073904,1,0.75,0.5,0.75,0.1
0.011344,0.10094,0,-0.073943,1,0.751,0.5,0.751,0.1
0.01293,0.10079,0,-0.073982,1,0.752,0.5,0.752,0.1
0.014517,0.10065,0,-0.074021,1,0.753,0.5,0.753,0.1
0.016103,0.1005,0,-0.074059,1,0.754,0.5,0.754,0.1
0.017689,0.10036,0,-0.074098,1,0.755,0.5,0.755,0.1
0.019276,0.10021,0,-0.074137,1,0.756,0.5,0.756,0.1
0.020862,0.10007,0,-0.074176,1,0.757,0.5,0.757,0.1
0.022449,0.099921,0,-0.074215,1,0.758,0.5,0.758,0.1
0.024035,0.099776,0,-0.074254,1,0.759,0.5,0.759,0.1
0.025621,0.09963,0,-0.074292,1,0.76,0.5,0.76,0.1
0.027208,0.099485,0,-0.074331,1,0.761,0.5,0.761,0.1
0.028794,0.09934,0,-0.07437,1,0.762,0.5,0.762,0.1
0.030381,0.099195,0,-0.074409,1,0.763,0.5,0.763,0.1
0.031967,0.09905,0,-0.074448,1,0.764,0.5,0.764,0.1
0.033554,0.098904,0,-0.074487,1,0.765,0.5,0.765,0.1
0.03514,0.098759,0,-0.074525,1,0.766,0.5,0.766,0.1
0.036726,0.098614,0,-0.074564,1,0.767,0.5,0.767,0.1
0.038313,0.098469,0,-0.074603,1,0.768,0.5,0.768,0.1
0.039899,0.098324,0,-0.074642,1,0.769,0.5,0.769,0.1
0.041486,0.098179,0,-0.074681,1,0.77,0.5,0.77,0.1
0.043072,0.098033,0,-0.074719,1,0.771,0.5,0.771,0.1
0.044659,0.097888,0,-0.074758,1,0.772,0.5,0.772,0.1
0.046245,0.097743,0,-0.074797,1,0.773,0.5,0.773,0.1
0.047831,0.097598,0,-0.074836,1,0.774,0.5,0.774,0.1
0.049418,0.097453,0,-0.074875,1,0.775,0.5,0.775,0.1
0.051234,0.097204,0,-0.074879,1,0.776,0.5,0.776,0.1
0.05305,0.096955,0,-0.074882,1,0.777,0.5,0.777,0.1
0.054866,0.096706,0,-0.074886,1,0.778,0.5,0.778,0.1
0.056682,0.096457,0,-0.07489,1,0.779,0.5,0.779,0.1
0.058498,0.096208,0,-0.074894,1,0.78,0.5,0.78,0.1
0.060314,0.095959,0,-0.074898,1,0.781,0.5,0.781,0.1
0.062129,0.095709,0,-0.074902,1,0.782,0.5,0.782,0.1
0.063945,0.09546,0,-0.074905,1,0.783,0.5,0.783,0.1
0.065761,0.095211,0,-0.074909,1,0.784,0.5,0.784,0.1
0.067577,0.094962,0,-0.074913,1,0.785,0.5,0.785,0.1
0.069393,0.094713,0,-0.074917,1,0.786,0.5,0.786,0.1
0.071209,0.094464,0,-0.074921,1,0.787,0.5,0.787,0.1
0.073025,0.094215,0,-0.074925,1,0.788,0.5,0.788,0.1
0.074841,0.093966,0,-0.074929,1,0.789,0.5,0.789,0.1
0.076657,0.093717,0,-0.074932,1,0.79,0.5,0.79,0.1
0.078473,0.093468,0,-0.074936,1,0.791,0.5,0.791,0.1
0.080289,0.093219,0,-0.07494,1,0.792,0.5,0.792,0.1
0.082105,0.09297,0,-0.074944,1,0.793,0.5,0.793,0.1
0.083921,0.092721,0,-0.074948,1,0.794,0.5,0.794,0.1
0.085737,0.092472,0,-0.074952,1,0.795,0.5,0.795,0.1
0.087553,0.092223,0,-0.074955,1,0.796,0.5,0.796,0.1
0.089369,0.091974,0,-0.074959,1,0.797,0.5,0.797,0.1
0.091184,0.091725,0,-0.074963,1,0.798,0.5,0.798,0.1
0.093,0.091476,0,-0.074967,1,0.799,0.5,0.799,0.1
0.094816,0.091227,0,-0.074971,1,0.8,0.5,0.8,0.1
0.096945,0.090872,0,-0.07494,1,0.801,0.5,0.801,0.1
0.099074,0.090518,0,-0.07491,1,0.802,0.5,0.802,0.1
0.1012,0.090163,0,-0.07488,1,0.803,0.5,0.803,0.1
0.10333,0.089808,0,-0.07485,1,0.804,0.5,0.804,0.1
0.10546,0.089454,0,-0.074819,1,0.805,0.5,0.805,0.1
0.10759,0.089099,0,-0.074789,1,0.806,0.5,0.806,0.1
0.10972,0.088744,0,-0.074759,1,0.807,0.5,0.807,0.1
0.11185,0.088389,0,-0.074728,1,0.808,0.5,0.808,0.1
0.11398,0.088035,0,-0.074698,1,0.809,0.5,0.809,0.1
0.1161,0.08768,0,-0.074668,1,0.81,0.5,0.81,0.1
0.11823,0.087325,0,-0.074637,1,0.811,0.5,0.811,0.1
0.12036,0.086971,0,-0.074607,1,0.812,0.5,0.812,0.1
0.12249,0.086616,0,-0.074577,1,0.813,0.5,0.813,0.1
0.12462,0.086261,0,-0.074546,1,0.814,0.5,0.814,0.1
0.12675,0.085906,0,-0.074516,1,0.815,0.5,0.815,0.1
0.12888,0.085552,0,-0.074486,1,0.816,0.5,0.816,0.1
0.13101,0.085197,0,-0.074455,1,0.817,0.5,0.817,0.1
0.13314,0.084842,0,-0.074425,1,0.818,0.5,0.818,0.1
0.13526,0.084487,0,-0.074395,1,0.819,0.5,0.819,0.1
0.13739,0.084133,0,-0.074364,1,0.82,0.5,0.82,0.1
0.13952,0.083778,0,-0.074334,1,0.821,0.5,0.821,0.1
0.14165,0.083423,0,-0.074304,1,0.822,0.5,0.822,0.1
0.14378,0.083069,0,-0.074273,1,0.823,0.5,0.823,0.1
0.14591,0.082714,0,-0.074243,1,0.824,0.5,0.824,0.1
0.14804,0.082359,0,-0.074213,1,0.825,0.5,0.825,0.1
0.1506,0.081903,0,-0.07415,1,0.826,0.5,0.826,0.1
0.15316,0.081446,0,-0.074088,1,0.827,0.5,0.827,0.1
0.15571,0.08099,0,-0.074025,1,0.828,0.5,0.828,0.1
0.15827,0.080533,0,-0.073963,1,0.829,0.5,0.829,0.1
0.16083,0.080076,0,-0.0739,1,0.83,0.5,0.83,0.1
0.16339,0.07962,0,-0.073838,1,0.831,0.5,0.831,0.1
0.16595,0.079163,0,-0.073775,1,0.832,0.5,0.832,0.1
0.16851,0.078707,0,-0.073713,1,0.833,0.5,0.833,0.1
0.17107,0.07825,0,-0.07365,1,0.834,0.5,0.834,0.1
0.17363,0.077794,0,-0.073588,1,0.835,0.5,0.835,0.1
0.17619,0.077337,0,-0.073525,1,0.836,0.5,0.836,0.1
0.17875,0.076881,0,-0.073463,1,0.837,0.5,0.837,0.1
0.18131,0.076424,0,-0.0734,1,0.838,0.5,0.838,0.1
0.18387,0.075968,0,-0.073338,1,0.839,0.5,0.839,0.1
0.18642,0.075511,0,-0.073275,1,0.84,0.5,0.84,0.1
0.18898,0.075054,0,-0.073213,1,0.841,0.5,0.841,0.1
0.19154,0.074598,0,-0.07315,1,0.842,0.5,0.842,0.1
0.1941,0.074141,0,-0.073088,1,0.843,0.5,0.843,0.1
0.19666,0.073685,0,-0.073025,1,0.844,0.5,0.844,0.1
0.19922,0.073228,0,-0.072963,1,0.845,0.5,0.845,0.1
0.20178,0.072772,0,-0.0729,1,0.846,0.5,0.846,0.1
0.20434,0.072315,0,-0.072838,1,0.847,0.5,0.847,0.1
0.2069,0.071859,0,-0.072775,1,0.848,0.5,0.848,0.1
0.20946,0.071402,0,-0.072713,1,0.849,0.5,0.849,0.1
0.21202,0.070946,0,-0.07265,1,0.85,0.5,0.85,0.1
0.21516,0.070401,0,-0.072559,1,0.851,0.5,0.851,0.1
0.2183,0.069856,0,-0.072468,1,0.852,0.5,0.852,0.1
0.22144,0.06931,0,-0.072376,1,0.853,0.5,0.853,0.1
0.22458,0.068765,0,-0.072285,1,0.854,0.5,0.854,0.1
0.22772,0.06822,0,-0.072193,1,0.855,0.5,0.855,0.1
0.23087,0.067675,0,-0.072102,1,0.856,0.5,0.856,0.1
0.23401,0.06713,0,-0.072011,1,0.857,0.5,0.857,0.1
0.23715,0.066585,0,-0.071919,1,0.858,0.5,0.858,0.1
0.24029,0.06604,0,-0.071828,1,0.859,0.5,0.859,0.1
0.24343,0.065495,0,-0.071737,1,0.86,0.5,0.86,0.1
0.24657,0.06495,0,-0.071645,1,0.861,0.5,0.861,0.1
0.24971,0.064405,0,-0.071554,1,0.862,0.5,0.862,0.1
0.25286,0.06386,0,-0.071462,1,0.863,0.5,0.863,0.1
0.256,0.063315,0,-0.071371,1,0.864,0.5,0.864,0.1
0.25914,0.06277,0,-0.07128,1,0.865,0.5,0.865,0.1
0.26228,0.062225,0,-0.071188,1,0.866,0.5,0.866,0.1
0.26542,0.06168,0,-0.071097,1,0.867,0.5,0.867,0.1
0.26856,0.061135,0,-0.071006,1,0.868,0.5,0.868,0.1
0.27171,0.06059,0,-0.070914,1,0.869,0.5,0.869,0.1
0.27485,0.060045,0,-0.070823,1,0.87,0.5,0.87,0.1
0.27799,0.0595,0,-0.070731,1,0.871,0.5,0.871,0.1
0.28113,0.058955,0,-0.07064,1,0.872,0.5,0.872,0.1
0.28427,0.05841,0,-0.070549,1,0.873,0.5,0.873,0.1
0.28741,0.057865,0,-0.070457,1,0.874,0.5,0.874,0.1
0.29056,0.05732,0,-0.070366,1,0.875,0.5,0.875,0.1
0.29446,0.056715,0,-0.07025,1,0.876,0.5,0.876,0.1
0.29836,0.05611,0,-0.070135,1,0.877,0.5,0.877,0.1
0.30226,0.055505,0,-0.070019,1,0.878,0.5,0.878,0.1
0.30616,0.0549,0,-0.069904,1,0.879,0.5,0.879,0.1
0.31006,0.054296,0,-0.069788,1,0.88,0.5,0.88,0.1
0.31396,0.053691,0,-0.069673,1,0.881,0.5,0.881,0.1
0.31786,0.053086,0,-0.069557,1,0.882,0.5,0.882,0.1
0.32176,0.052481,0,-0.069442,1,0.883,0.5,0.883,0.1
0.32566,0.051876,0,-0.069326,1,0.884,0.5,0.884,0.1
0.32956,0.051271,0,-0.069211,1,0.885,0.5,0.885,0.1
0.33346,0.050666,0,-0.069095,1,0.886,0.5,0.886,0.1
0.33736,0.050061,0,-0.06898,1,0.887,0.5,0.887,0.1
0.34126,0.049456,0,-0.068864,1,0.888,0.5,0.888,0.1
0.34516,0.048851,0,-0.068749,1,0.889,0.5,0.889,0.1
0.34906,0.048247,0,-0.068633,1,0.89,0.5,0.89,0.1
0.35296,0.047642,0,-0.068518,1,0.891,0.5,0.891,0.1
0.35686,0.047037,0,-0.068402,1,0.892,0.5,0.892,0.1
0.36076,0.046432,0,-0.068287,1,0.893,0.5,0.893,0.1
0.36466,0.045827,0,-0.068171,1,0.894,0.5,0.894,0.1
0.36856,0.045222,0,-0.068055,1,0.895,0.5,0.895,0.1
0.37246,0.044617,0,-0.06794,1,0.896,0.5,0.896,0.1
0.37636,0.044012,0,-0.067824,1,0.897,0.5,0.897,0.1
0.38026,0.043407,0,-0.067709,1,0.898,0.5,0.898,0.1
0.38416,0.042802,0,-0.067593,1,0.899,0.5,0.899,0.1
0.38806,0.042197,0,-0.067478,1,0.9,0.5,0.9,0.1
0.39288,0.041582,0,-0.067346,1,0.901,0.5,0.901,0.1
0.39771,0.040966,0,-0.067215,1,0.902,0.5,0.902,0.1
0.40253,0.04035,0,-0.067083,1,0.903,0.5,0.903,0.1
0.40736,0.039734,0,-0.066952,1,0.904,0.5,0.904,0.1
0.41218,0.039118,0,-0.06682,1,0.905,0.5,0.905,0.1
0.417,0.038502,0,-0.066688,1,0.906,0.5,0.906,0.1
0.42183,0.037886,0,-0.066557,1,0.907,0.5,0.907,0.1
0.42665,0.03727,0,-0.066425,1,0.908,0.5,0.908,0.1
0.43147,0.036654,0,-0.066294,1,0.909,0.5,0.909,0.1
0.4363,0.036038,0,-0.066162,1,0.91,0.5,0.91,0.1
0.44112,0.035422,0,-0.066031,1,0.911,0.5,0.911,0.1
0.44595,0.034807,0,-0.065899,1,0.912,0.5,0.912,0.1
0.45077,0.034191,0,-0.065767,1,0.913,0.5,0.913,0.1
0.45559,0.033575,0,-0.065636,1,0.914,0.5,0.914,0.1
0.46042,0.032959,0,-0.065504,1,0.915,0.5,0.915,0.1
0.46524,0.032343,0,-0.065373,1,0.916,0.5,0.916,0.1
0.47007,0.031727,0,-0.065241,1,0.917,0.5,0.917,0.1
0.47489,0.031111,0,-0.065109,1,0.918,0.5,0.918,0.1
0.47971,0.030495,0,-0.064978,1,0.919,0.5,0.919,0.1
0.48454,0.029879,0,-0.064846,1,0.92,0.5,0.92,0.1
0.48936,0.029263,0,-0.064715,1,0.921,0.5,0.921,0.1
0.49418,0.028648,0,-0.064583,1,0.922,0.5,0.922,0.1
0.49901,0.028032,0,-0.064452,1,0.923,0.5,0.923,0.1
0.50383,0.027416,0,-0.06432,1,0.924,0.5,0.924,0.1
0.50866,0.0268,0,-0.064188,1,0.925,0.5,0.925,0.1
0.51448,0.026245,0,-0.064052,1,0.926,0.5,0.926,0.1
0.52031,0.025689,0,-0.063915,1,0.927,0.5,0.927,0.1
0.52614,0.025134,0,-0.063779,1,0.928,0.5,0.928,0.1
0.53197,0.024579,0,-0.063642,1,0.929,0.5,0.929,0.1
0.5378,0.024024,0,-0.063506,1,0.93,0.5,0.93,0.1
0.54362,0.023469,0,-0.063369,1,0.931,0.5,0.931,0.1
0.54945,0.022914,0,-0.063233,1,0.932,0.5,0.932,0.1
0.55528,0.022358,0,-0.063096,1,0.933,0.5,0.933,0.1
0.56111,0.021803,0,-0.06296,1,0.934,0.5,0.934,0.1
0.56693,0.021248,0,-0.062823,1,0.935,0.5,0.935,0.1
0.57276,0.020693,0,-0.062687,1,0.936,0.5,0.936,0.1
0.57859,0.020138,0,-0.062551,1,0.937,0.5,0.937,0.1
0.58442,0.019583,0,-0.062414,1,0.938,0.5,0.938,0.1
0.59025,0.019027,0,-0.062278,1,0.939,0.5,0.939,0.1
0.59607,0.018472,0,-0.062141,1,0.94,0.5,0.94,0.1
0.6019,0.017917,0,-0.062005,1,0.941,0.5,0.941,0.1
0.60773,0.017362,0,-0.061868,1,0.942,0.5,0.942,0.1
0.61356,0.016807,0,-0.061732,1,0.943,0.5,0.943,0.1
0.61939,0.016252,0,-0.061595,1,0.944,0.5,0.944,0.1
0.62521,0.015697,0,-0.061459,1,0.945,0.5,0.945,0.1
0.63104,0.015141,0,-0.061322,1,0.946,0.5,0.946,0.1
0.63687,0.014586,0,-0.061186,1,0.947,0.5,0.947,0.1
0.6427,0.014031,0,-0.061049,1,0.948,0.5,0.948,0.1
0.64853,0.013476,0,-0.060913,1,0.949,0.5,0.949,0.1
0.65435,0.012921,0,-0.060776,1,0.95,0.5,0.95,0.1
0.66106,0.012549,0,-0.060622,1,0.951,0.5,0.951,0.1
0.66777,0.012176,0,-0.060469,1,0.952,0.5,0.952,0.1
0.67448,0.011804,0,-0.060315,1,0.953,0.5,0.953,0.1
0.68118,0.011432,0,-0.060161,1,0.954,0.5,0.954,0.1
0.68789,0.01106,0,-0.060007,1,0.955,0.5,0.955,0.1
0.6946,0.010688,0,-0.059854,1,0.956,0.5,0.956,0.1
0.70131,0.010316,0,-0.0597,1,0.957,0.5,0.957,0.1
0.70801,0.0099438,0,-0.059546,1,0.958,0.5,0.958,0.1
0.71472,0.0095717,0,-0.059392,1,0.959,0.5,0.959,0.1
0.72143,0.0091996,0,-0.059239,1,0.96,0.5,0.96,0.1
0.72814,0.0088275,0,-0.059085,1,0.961,0.5,0.961,0.1
0.73484,0.0084554,0,-0.058931,1,0.962,0.5,0.962,0.1
0.74155,0.0080833,0,-0.058777,1,0.963,0.5,0.963,0.1
0.74826,0.0077112,0,-0.058624,1,0.964,0.5,0.964,0.1
0.75497,0.0073391,0,-0.05847,1,0.965,0.5,0.965,0.1
0.76168,0.0069669,0,-0.058316,1,0.966,0.5,0.966,0.1
0.76838,0.0065948,0,-0.058162,1,0.967,0.5,0.967,0.1
0.77509,0.0062227,0,-0.058009,1,0.968,0.5,0.968,0.1
0.7818,0.0058506,0,-0.057855,1,0.969,0.5,0.969,0.1
0.78851,0.0054785,0,-0.057701,1,0.97,0.5,0.97,0.1
0.79521,0.0051064,0,-0.057548,1,0.971,0.5,0.971,0.1
0.80192,0.0047343,0,-0.057394,1,0.972,0.5,0.972,0.1
0.80863,0.0043622,0,-0.05724,1,0.973,0.5,0.973,0.1
0.81534,0.0039901,0,-0.057086,1,0.974,0.5,0.974,0.1
0.82204,0.003618,0,-0.056933,1,0.975,0.5,0.975,0.1
0.82558,0.0034978,0,-0.056847,1,0.976,0.5,0.976,0.1
0.82913,0.0033776,0,-0.056761,1,0.977,0.5,0.977,0.1
0.83267,0.0032575,0,-0.056675,1,0.978,0.5,0.978,0.1
0.83621,0.0031373,0,-0.05659,1,0.979,0.5,0.979,0.1
0.83975,0.0030172,0,-0.056504,1,0.98,0.5,0.98,0.1
0.84329,0.002897,0,-0.056418,1,0.981,0.5,0.981,0.1
0.84683,0.0027768,0,-0.056333,1,0.982,0.5,0.982,0.1
0.85037,0.0026567,0,-0.056247,1,0.983,0.5,0.983,0.1
0.85391,0.0025365,0,-0.056161,1,0.984,0.5,0.984,0.1
0.85745,0.0024163,0,-0.056076,1,0.985,0.5,0.985,0.1
0.86099,0.0022962,0,-0.05599,1,0.986,0.5,0.986,0.1
0.86454,0.002176,0,-0.055904,1,0.987,0.5,0.987,0.1
0.86808,0.0020559,0,-0.055818,1,0.988,0.5,0.988,0.1
0.87162,0.0019357,0,-0.055733,1,0.989,0.5,0.989,0.1
0.87516,0.0018155,0,-0.055647,1,0.99,0.5,0.99,0.1
0.8787,0.0016954,0,-0.055561,1,0.991,0.5,0.991,0.1
0.88224,0.0015752,0,-0.055476,1,0.992,0.5,0.992,0.1
0.88578,0.0014551,0,-0.05539,1,0.993,0.5,0.993,0.1
0.88932,0.0013349,0,-0.055304,1,0.994,0.5,0.994,0.1
0.89286,0.0012147,0,-0.055218,1,0.995,0.5,0.995,0.1
0.8964,0.0010946,0,-0.055133,1,0.996,0.5,0.996,0.1
0.89994,0.00097442,0,-0.055047,1,0.997,0.5,0.997,0.1
0.90349,0.00085426,0,-0.054961,1,0.998,0.5,0.998,0.1
0.90703,0.0007341,0,-0.054876,1,0.999,0.5,0.999,0.1
0.91057,0.00061394,0,-0.05479,1,1,0.5,1,0.1
